cohort_order,row,SampleID,true_category,input_target_logit,baseline_target_logit,logit_difference,convergence_delta,absolute_delta,relative_delta
0,127,Merged54:6673,Benign,2.385028123855591,-3.108447790145874,5.493475914001465,0.13015270233154297,0.13015270233154297,0.02369223136117099
1,291,Merged63:362600,Benign,4.822335243225098,-3.102644681930542,7.92497992515564,-0.07963848114013672,0.07963848114013672,0.0100490451574958
2,296,Merged01:707054,Benign,4.511262893676758,-3.0725107192993164,7.583773612976074,0.24772262573242188,0.24772262573242188,0.03266482339459088
3,460,Merged61:676602,Benign,5.079899311065674,-3.1295266151428223,8.209425926208496,-0.12113571166992188,0.12113571166992188,0.014755686056341349
4,649,Merged46:647972,Benign,5.047028541564941,-3.108447790145874,8.155476331710815,-0.2716207504272461,0.2716207504272461,0.03330532017745024
5,728,Merged55:416245,Benign,4.853395462036133,-3.0783190727233887,7.9317145347595215,-0.014637947082519531,0.014637947082519531,0.0018454959540425938
6,904,Merged47:165921,Benign,5.380268573760986,-3.114764451980591,8.495033025741577,-0.10618877410888672,0.10618877410888672,0.012500101387141686
7,1021,Merged28:1113,Benign,5.090136528015137,-3.118527889251709,8.208664417266846,-0.05260467529296875,0.05260467529296875,0.006408432921476888
8,1101,Merged25:388512,Benign,3.102184295654297,-3.0975780487060547,6.199762344360352,0.031219005584716797,0.031219005584716797,0.005035516500582533
9,1116,Merged17:285443,Benign,5.031762599945068,-3.1344399452209473,8.166202545166016,-0.01663494110107422,0.01663494110107422,0.0020370473312496117
10,1202,Merged43:565569,Benign,4.729748249053955,-3.102964401245117,7.832712650299072,0.018217086791992188,0.018217086791992188,0.0023257698329194566
11,1212,Merged43:220593,Benign,5.282722473144531,-3.059474468231201,8.342196941375732,-0.12691116333007812,0.12691116333007812,0.015213158382850272
12,1619,Merged15:633965,Benign,4.197678089141846,-3.1241424083709717,7.321820497512817,0.02840280532836914,0.02840280532836914,0.0038791998981697814
13,1706,Merged34:129202,Benign,3.9884986877441406,-3.111534595489502,7.100033283233643,-0.02437734603881836,0.02437734603881836,0.00343341292446955
14,1712,Merged56:500329,Benign,4.935068130493164,-3.086655616760254,8.021723747253418,0.15871429443359375,0.15871429443359375,0.019785559741811905
15,1853,Merged21:416623,Benign,4.8786773681640625,-3.1011242866516113,7.979801654815674,0.13640403747558594,0.13640403747558594,0.017093662646773738
16,2093,Merged30:462515,Benign,4.6591267585754395,-3.1147255897521973,7.773852348327637,0.051378726959228516,0.051378726959228516,0.006609171959676009
17,2276,Merged01:651325,Benign,3.8956968784332275,-3.1213908195495605,7.017087697982788,0.03211498260498047,0.03211498260498047,0.004576682519474939
18,2403,Merged50:25982,Benign,2.37797474861145,-3.108447790145874,5.486422538757324,0.04669380187988281,0.04669380187988281,0.008510792150992251
19,2566,Merged03:135899,Benign,3.9952595233917236,-3.102964401245117,7.098223924636841,-0.08286523818969727,0.08286523818969727,0.01167408059670882
20,2694,Merged19:283541,Benign,3.613269090652466,-3.1274092197418213,6.740678310394287,0.08992195129394531,0.08992195129394531,0.013340193249584914
21,2700,Merged38:347651,Benign,4.868550777435303,-3.1105635166168213,7.979114294052124,-0.09597396850585938,0.09597396850585938,0.012028148108794646
22,2778,Merged25:188810,Benign,5.113043308258057,-3.0920403003692627,8.20508360862732,0.2028512954711914,0.2028512954711914,0.02472263600798672
23,3393,Merged08:446898,Benign,2.7756190299987793,-3.117213010787964,5.892832040786743,-0.0057697296142578125,0.0057697296142578125,0.0009791098022687754
24,3858,Merged05:388684,Benign,4.8282551765441895,-3.092195987701416,7.9204511642456055,-0.018016815185546875,0.018016815185546875,0.002274720822328675
25,3960,Merged44:95386,Benign,4.861231803894043,-3.1283273696899414,7.989559173583984,-0.027118682861328125,0.027118682861328125,0.0033942652244182744
26,4135,Merged53:52609,Benign,4.873256683349609,-3.086655616760254,7.959912300109863,0.18956565856933594,0.18956565856933594,0.023815043611312092
27,4243,Merged27:544478,Benign,4.998946189880371,-3.086655616760254,8.085601806640625,0.12580490112304688,0.12580490112304688,0.015559126473396767
28,4645,Merged24:741808,Benign,5.395838737487793,-3.062047243118286,8.457885980606079,-0.18375682830810547,0.18375682830810547,0.021726094289927722
29,5011,Merged56:311308,Benign,5.079514980316162,-3.108447790145874,8.187962770462036,0.14421844482421875,0.14421844482421875,0.017613471002150233
30,5016,Merged19:631673,Benign,4.6881937980651855,-3.1295266151428223,7.817720413208008,0.052107810974121094,0.052107810974121094,0.006665345934613516
31,5097,Merged44:138292,Benign,2.7887158393859863,-3.102964401245117,5.8916802406311035,0.1926579475402832,0.1926579475402832,0.03270000062319168
32,5122,Merged10:696710,Benign,4.663009166717529,-3.0929670333862305,7.75597620010376,0.07790803909301758,0.07790803909301758,0.010044904352849267
33,5263,Merged16:595683,Benign,2.0291895866394043,-3.0975780487060547,5.126767635345459,0.06579017639160156,0.06579017639160156,0.012832681539538586
34,5345,Merged01:106764,Benign,3.0952675342559814,-3.114764451980591,6.210031986236572,0.08495807647705078,0.08495807647705078,0.01368077920779558
35,5435,Merged59:656589,Benign,4.515335559844971,-3.1102781295776367,7.625613689422607,-0.02106332778930664,0.02106332778930664,0.0027621813334870763
36,5537,Merged24:70030,Benign,4.807526588439941,-3.0939362049102783,7.90146279335022,0.08431529998779297,0.08431529998779297,0.010670846929602929
37,5540,Merged60:507092,Benign,5.368711471557617,-3.114764451980591,8.483475923538208,0.06156349182128906,0.06156349182128906,0.007256871166507978
38,6023,Merged17:540220,Benign,4.6344780921936035,-3.1283273696899414,7.762805461883545,-0.12648296356201172,0.12648296356201172,0.016293460422660423
39,6353,Merged49:77003,Benign,4.071374416351318,-3.0920403003692627,7.163414716720581,-0.014435768127441406,0.014435768127441406,0.002015207648629635
40,6427,Merged53:570744,Benign,4.790037155151367,-3.1147255897521973,7.9047627449035645,0.08827495574951172,0.08827495574951172,0.011167312492259836
41,6559,Merged05:684670,Benign,4.685041904449463,-3.108447790145874,7.793489694595337,-0.07279729843139648,0.07279729843139648,0.009340783305568527
42,6585,Merged11:174380,Benign,4.127561092376709,-3.108447790145874,7.236008882522583,-0.0451807975769043,0.0451807975769043,0.006243883653325973
43,6622,Merged22:577124,Benign,3.9376845359802246,-3.118527889251709,7.056212425231934,-0.35682106018066406,0.35682106018066406,0.05056835575197916
44,6773,Merged48:538491,Benign,5.275591850280762,-3.0440099239349365,8.319601774215698,-0.3070802688598633,0.3070802688598633,0.0369104528309965
45,7027,Merged07:568049,Benign,5.334291934967041,-3.1274092197418213,8.461701154708862,0.07502365112304688,0.07502365112304688,0.008866261021437382
46,7094,Merged28:86241,Benign,2.971494674682617,-3.114764451980591,6.086259126663208,0.2818422317504883,0.2818422317504883,0.04630795795659925
47,7116,Merged25:334821,Benign,5.1018242835998535,-3.1011242866516113,8.202948570251465,0.024377822875976562,0.024377822875976562,0.0029718366106041855
48,7135,Merged10:167309,Benign,4.775796890258789,-3.0975780487060547,7.873374938964844,-0.021553516387939453,0.021553516387939453,0.002737519368126677
49,7156,Merged56:71502,Benign,2.5937960147857666,-3.1295266151428223,5.723322629928589,-0.054996490478515625,0.054996490478515625,0.00960918928297457
50,7224,Merged01:43263,Benign,4.748707294464111,-3.092195987701416,7.840903282165527,-0.024055957794189453,0.024055957794189453,0.0030680084842910596
51,7298,Merged16:329224,Benign,3.880736827850342,-3.1105635166168213,6.991300344467163,0.1493701934814453,0.1493701934814453,0.021365151848991185
52,7441,Merged34:323013,Benign,5.030487537384033,-3.1344399452209473,8.16492748260498,-0.06236553192138672,0.06236553192138672,0.007638222391350535
53,7857,Merged62:497553,Benign,3.6035501956939697,-3.1102781295776367,6.7138283252716064,0.05449247360229492,0.05449247360229492,0.008116453230890506
54,7949,Merged16:534123,Benign,2.8197922706604004,-3.1274092197418213,5.947201490402222,-0.009736061096191406,0.009736061096191406,0.0016370827710989386
55,7969,Merged18:366204,Benign,4.017204284667969,-3.1344399452209473,7.151644229888916,-0.014916419982910156,0.014916419982910156,0.0020857329452393424
56,8027,Merged21:448423,Benign,5.084986209869385,-3.1147255897521973,8.199711799621582,0.05387115478515625,0.05387115478515625,0.006569883930267209
57,8126,Merged42:561838,Benign,4.729856967926025,-3.0920403003692627,7.821897268295288,0.13323402404785156,0.13323402404785156,0.017033466367283128
58,8450,Merged28:147838,Benign,4.467745304107666,-3.1283273696899414,7.596072673797607,0.04308938980102539,0.04308938980102539,0.005672587882111866
59,8567,Merged19:587818,Benign,3.114891529083252,-3.086655616760254,6.201547145843506,-0.2416672706604004,0.2416672706604004,0.03896886776429238
60,57,Merged54:711336,BruteForce,2.4165189266204834,-3.1347317695617676,5.551250696182251,-0.024255752563476562,0.024255752563476562,0.004369421215323227
61,158,Merged60:443500,BruteForce,4.768522262573242,-3.1579737663269043,7.9264960289001465,-0.08898162841796875,0.08898162841796875,0.011225846590162935
62,307,Merged50:148877,BruteForce,2.620854616165161,-3.142606258392334,5.763460874557495,0.021573543548583984,0.021573543548583984,0.0037431578036417833
63,463,Merged21:39886,BruteForce,1.8244621753692627,-3.1664557456970215,4.990917921066284,-0.008131980895996094,0.008131980895996094,0.0016293557667361393
64,661,Merged02:427842,BruteForce,3.064666986465454,-3.1359920501708984,6.2006590366363525,-0.006938457489013672,0.006938457489013672,0.0011189871025028253
65,707,Merged10:51519,BruteForce,2.9106926918029785,-3.159363269805908,6.070055961608887,0.016234397888183594,0.016234397888183594,0.002674505472578974
66,745,Merged10:896641,BruteForce,3.708606004714966,-3.1465063095092773,6.855112314224243,0.017134666442871094,0.017134666442871094,0.002499545690493932
67,844,Merged18:482599,BruteForce,4.699519157409668,-3.166985034942627,7.866504192352295,0.0459132194519043,0.0459132194519043,0.005836546746716347
68,1037,Merged15:345465,BruteForce,4.530775547027588,-3.1432416439056396,7.6740171909332275,0.0015778541564941406,0.0015778541564941406,0.00020560993248208503
69,1508,Merged14:138262,BruteForce,3.238323450088501,-3.159363269805908,6.397686719894409,0.047408103942871094,0.047408103942871094,0.007410194656054297
70,1575,Merged40:11791,BruteForce,2.8651998043060303,-3.1358940601348877,6.001093864440918,0.029540538787841797,0.029540538787841797,0.004922525702002812
71,1766,Merged60:564604,BruteForce,4.510631561279297,-3.1515607833862305,7.662192344665527,0.11623096466064453,0.11623096466064453,0.015169413587165474
72,1886,Merged22:218344,BruteForce,4.6191020011901855,-3.1458094120025635,7.764911413192749,0.032192230224609375,0.032192230224609375,0.004145859303676548
73,2029,Merged27:520187,BruteForce,3.9533851146698,-3.1579737663269043,7.111358880996704,-0.04221153259277344,0.04221153259277344,0.005935789952265383
74,2217,Merged19:259663,BruteForce,3.5735018253326416,-3.166985034942627,6.7404868602752686,0.0015244483947753906,0.0015244483947753906,0.0002261629502995775
75,2267,Merged03:422817,BruteForce,3.7838921546936035,-3.1432416439056396,6.927133798599243,0.032338619232177734,0.032338619232177734,0.004668398239791041
76,2519,Merged51:130336,BruteForce,3.8368513584136963,-3.1274027824401855,6.964254140853882,0.029520511627197266,0.029520511627197266,0.004238861912580602
77,2723,Merged60:7485,BruteForce,3.734776020050049,-3.1432416439056396,6.8780176639556885,0.06929302215576172,0.06929302215576172,0.010074562983298575
78,2798,Merged40:105758,BruteForce,1.542980432510376,-3.1432416439056396,4.686222076416016,0.07220697402954102,0.07220697402954102,0.01540835514239315
79,2898,Merged10:75841,BruteForce,1.8308042287826538,-3.142606258392334,4.973410487174988,-0.013012409210205078,0.013012409210205078,0.0026163955788005805
80,3280,Merged23:88263,BruteForce,4.9353132247924805,-3.1271870136260986,8.062500238418579,-0.010900497436523438,0.010900497436523438,0.0013519996420690362
81,3335,Merged18:512686,BruteForce,3.8477542400360107,-3.159363269805908,7.007117509841919,-0.0440673828125,0.0440673828125,0.006288945882612173
82,3476,Merged02:149929,BruteForce,4.786828994750977,-3.1389529705047607,7.925781965255737,0.033507347106933594,0.033507347106933594,0.004227639273174534
83,3514,Merged21:600929,BruteForce,4.662111759185791,-3.1579737663269043,7.820085525512695,-0.04168987274169922,0.04168987274169922,0.005331127467300426
84,3696,Merged17:38594,BruteForce,4.208193778991699,-3.1454017162323,7.353595495223999,-0.016635417938232422,0.016635417938232422,0.0022622155310333247
85,3812,Merged36:306072,BruteForce,4.019313812255859,-3.1454017162323,7.164715528488159,-0.06264781951904297,0.06264781951904297,0.008743936764822595
86,3835,Merged15:405656,BruteForce,3.1871531009674072,-3.1358847618103027,6.32303786277771,0.10716915130615234,0.10716915130615234,0.016948997243403024
87,3921,Merged26:171842,BruteForce,3.656914234161377,-3.1465063095092773,6.803420543670654,0.009637832641601562,0.009637832641601562,0.0014166157419987528
88,4114,Merged63:126899,BruteForce,1.2635505199432373,-3.1451942920684814,4.408744812011719,0.02403736114501953,0.02403736114501953,0.0054522006081026125
89,4125,Merged31:150961,BruteForce,4.913058757781982,-3.1292734146118164,8.042332172393799,-0.011522293090820312,0.011522293090820312,0.0014327054446186477
90,4141,Merged16:242327,BruteForce,4.26873779296875,-3.1432416439056396,7.41197943687439,0.020421981811523438,0.020421981811523438,0.002755266927741954
91,4234,Merged25:16146,BruteForce,4.380077838897705,-3.1714870929718018,7.551564931869507,0.006701469421386719,0.006701469421386719,0.0008874279016134562
92,4281,Merged55:100172,BruteForce,3.6898608207702637,-3.172358751296997,6.862219572067261,0.022893428802490234,0.022893428802490234,0.003336155097059002
93,4282,Merged29:579013,BruteForce,3.340528726577759,-3.159363269805908,6.499891996383667,-0.003734111785888672,0.003734111785888672,0.0005744882819539483
94,4884,Merged16:739562,BruteForce,1.7963778972625732,-3.1458094120025635,4.942187309265137,0.03303050994873047,0.03303050994873047,0.006683378812212975
95,4989,Merged46:411225,BruteForce,4.75437593460083,-3.159363269805908,7.913739204406738,0.0469975471496582,0.0469975471496582,0.0059387283224455745
96,5092,Merged18:391995,BruteForce,4.481048107147217,-3.172358751296997,7.653406858444214,0.04713916778564453,0.04713916778564453,0.006159239755251558
97,5186,Merged40:288398,BruteForce,4.001123905181885,-3.1292734146118164,7.130397319793701,-0.007962226867675781,0.007962226867675781,0.0011166596348807876
98,5202,Merged11:520091,BruteForce,4.4710540771484375,-3.1664557456970215,7.637509822845459,-0.014210224151611328,0.014210224151611328,0.0018605834206727233
99,5293,Merged12:334929,BruteForce,3.03659987449646,-3.172358751296997,6.208958625793457,0.13991260528564453,0.13991260528564453,0.02253398898559495
100,5300,Merged39:299456,BruteForce,2.9799537658691406,-3.1432416439056396,6.12319540977478,0.0312657356262207,0.0312657356262207,0.00510611429717065
101,5303,Merged45:301537,BruteForce,2.213418960571289,-3.172358751296997,5.385777711868286,-0.06892538070678711,0.06892538070678711,0.012797665331582615
102,5326,Merged55:288840,BruteForce,4.659436225891113,-3.1292734146118164,7.78870964050293,0.0009741783142089844,0.0009741783142089844,0.0001250757004912665
103,5588,Merged27:389404,BruteForce,4.483753681182861,-3.172358751296997,7.656112432479858,-0.0028944015502929688,0.0028944015502929688,0.00037805107694264303
104,5747,Merged40:416575,BruteForce,2.88497257232666,-3.1358847618103027,6.020857334136963,-0.1463618278503418,0.1463618278503418,0.024309134019918025
105,6352,Merged38:136508,BruteForce,4.628175258636475,-3.166985034942627,7.795160293579102,0.03046560287475586,0.03046560287475586,0.003908271507880406
106,6655,Merged25:134201,BruteForce,3.161501169204712,-3.1451942920684814,6.306695461273193,0.037485599517822266,0.037485599517822266,0.005943778282621354
107,6685,Merged04:174907,BruteForce,4.653928279876709,-3.1664557456970215,7.8203840255737305,-0.01528787612915039,0.01528787612915039,0.0019548753717409445
108,6968,Merged54:670953,BruteForce,4.447144985198975,-3.142606258392334,7.589751243591309,-0.031104087829589844,0.031104087829589844,0.004098169601520702
109,7031,Merged10:827740,BruteForce,3.4566707611083984,-3.1719954013824463,6.628666162490845,0.08566951751708984,0.08566951751708984,0.012924095951891765
110,7099,Merged10:93274,BruteForce,3.2300620079040527,-3.166985034942627,6.39704704284668,0.0343937873840332,0.0343937873840332,0.005376509998076863
111,7113,Merged35:64938,BruteForce,4.540511608123779,-3.166985034942627,7.707496643066406,0.021056652069091797,0.021056652069091797,0.0027319703198358403
112,7378,Merged31:436943,BruteForce,4.649295330047607,-3.1515607833862305,7.800856113433838,-0.005269050598144531,0.005269050598144531,0.000675445171853729
113,7442,Merged59:242249,BruteForce,4.01589298248291,-3.1474313735961914,7.163324356079102,-0.007336616516113281,0.007336616516113281,0.0010241915836028165
114,7552,Merged21:598094,BruteForce,3.4071567058563232,-3.1274027824401855,6.534559488296509,0.003036022186279297,0.003036022186279297,0.0004646100768868746
115,7597,Merged48:111407,BruteForce,4.28150749206543,-3.133427619934082,7.414935111999512,-0.003345966339111328,0.003345966339111328,0.0004512468805959726
116,7805,Merged14:677786,BruteForce,3.273228406906128,-3.1465063095092773,6.419734716415405,-0.04018211364746094,0.04018211364746094,0.006259154844002256
117,8070,Merged19:5209,BruteForce,4.387659072875977,-3.172358751296997,7.560017824172974,0.10222053527832031,0.10222053527832031,0.013521202946304257
118,8189,Merged32:70449,BruteForce,2.049182415008545,-3.1515607833862305,5.200743198394775,-0.07865667343139648,0.07865667343139648,0.015124121770841156
119,8400,Merged49:39345,BruteForce,3.503835439682007,-3.1347317695617676,6.638567209243774,0.03757762908935547,0.03757762908935547,0.005660502922532901
120,40,Merged16:208040,DDoS,7.271856307983398,1.5093555450439453,5.762500762939453,0.041736602783203125,0.041736602783203125,0.007242793450306334
121,124,Merged26:567226,DDoS,4.704541206359863,1.4745259284973145,3.230015277862549,0.01399683952331543,0.01399683952331543,0.0043333663525510595
122,333,Merged21:374698,DDoS,7.848236083984375,1.471781849861145,6.37645423412323,0.01044607162475586,0.01044607162475586,0.0016382257664227095
123,477,Merged08:480319,DDoS,7.622796535491943,1.4701194763183594,6.152677059173584,-0.008786678314208984,0.008786678314208984,0.0014281065347169699
124,677,Merged36:546810,DDoS,4.671631336212158,1.4745259284973145,3.1971054077148438,0.011906147003173828,0.011906147003173828,0.003724039556044491
125,1300,Merged50:324089,DDoS,7.65778923034668,1.4688489437103271,6.1889402866363525,0.03463602066040039,0.03463602066040039,0.005596438009781613
126,1393,Merged55:314292,DDoS,8.390535354614258,1.4654443264007568,6.925091028213501,0.013274192810058594,0.013274192810058594,0.0019168257508786857
127,1489,Merged53:885312,DDoS,8.345183372497559,1.4745259284973145,6.870657444000244,0.0015916824340820312,0.0015916824340820312,0.0002316637741082489
128,1736,Merged29:305544,DDoS,8.131791114807129,1.4745259284973145,6.6572651863098145,-0.04680776596069336,0.04680776596069336,0.007031080278572972
129,1769,Merged17:497473,DDoS,7.640345573425293,1.4654443264007568,6.174901247024536,0.11165046691894531,0.11165046691894531,0.018081336438011162
130,1900,Merged01:486656,DDoS,6.440951347351074,1.5139726400375366,4.926978707313538,0.003161907196044922,0.003161907196044922,0.0006417537772898088
131,1964,Merged12:779130,DDoS,7.834926605224609,1.4745259284973145,6.360400676727295,-0.020252227783203125,0.020252227783203125,0.0031841119471145937
132,2512,Merged21:376552,DDoS,7.501215934753418,1.4958759546279907,6.005339980125427,0.1504054069519043,0.1504054069519043,0.02504527761120411
133,2975,Merged55:41029,DDoS,7.573508262634277,1.4745259284973145,6.098982334136963,-0.02601480484008789,0.02601480484008789,0.004265433709240136
134,3031,Merged41:286029,DDoS,5.333337783813477,1.4745259284973145,3.858811855316162,0.01794910430908203,0.01794910430908203,0.004651458786298203
135,3061,Merged21:341290,DDoS,8.006673812866211,1.4654443264007568,6.541229486465454,0.0023298263549804688,0.0023298263549804688,0.00035617560273663287
136,3168,Merged01:2162,DDoS,7.251979351043701,1.4953125715255737,5.756666779518127,-0.020501136779785156,0.020501136779785156,0.003561285995000955
137,3465,Merged35:748152,DDoS,7.645421028137207,1.4745259284973145,6.170895099639893,-0.005571842193603516,0.005571842193603516,0.0009029228505162346
138,3469,Merged24:387546,DDoS,6.583194732666016,1.4654443264007568,5.117750406265259,0.002933979034423828,0.002933979034423828,0.0005732946708053579
139,3484,Merged56:418870,DDoS,8.21465015411377,1.4654443264007568,6.749205827713013,0.031334877014160156,0.031334877014160156,0.004642750245591201
140,3675,Merged55:631743,DDoS,7.685117244720459,1.49336576461792,6.191751480102539,-0.03685903549194336,0.03685903549194336,0.005952925534946204
141,3753,Merged04:333633,DDoS,7.855461597442627,1.4701194763183594,6.385342121124268,-0.03779411315917969,0.03779411315917969,0.005918886168079789
142,3786,Merged31:203969,DDoS,7.314101219177246,1.5167068243026733,5.797394394874573,-0.2697601318359375,0.2697601318359375,0.04653127137157171
143,3791,Merged10:842389,DDoS,5.045494556427002,1.4701194763183594,3.5753750801086426,0.015291929244995117,0.015291929244995117,0.004277013992202029
144,3809,Merged38:361940,DDoS,7.937021732330322,1.49336576461792,6.443655967712402,-0.01926898956298828,0.01926898956298828,0.0029903814945336183
145,3843,Merged09:647957,DDoS,8.14639949798584,1.4654443264007568,6.680955171585083,0.013311386108398438,0.013311386108398438,0.0019924375731502266
146,4122,Merged50:405580,DDoS,8.296263694763184,1.4745259284973145,6.821737766265869,-0.03385210037231445,0.03385210037231445,0.004962386642845794
147,4470,Merged32:30550,DDoS,4.764228343963623,1.4654443264007568,3.298784017562866,-0.01401209831237793,0.01401209831237793,0.004247655571803708
148,4536,Merged05:72169,DDoS,4.740087032318115,1.4745259284973145,3.265561103820801,0.023145437240600586,0.023145437240600586,0.007087736687431681
149,4721,Merged19:362115,DDoS,8.432910919189453,1.4654443264007568,6.967466592788696,-0.01425933837890625,0.01425933837890625,0.002046559992647057
150,4878,Merged20:106163,DDoS,8.284561157226562,1.4654443264007568,6.819116830825806,-0.023496150970458984,0.023496150970458984,0.0034456296252682863
151,5168,Merged12:578084,DDoS,4.94229793548584,1.4745259284973145,3.4677720069885254,0.02420210838317871,0.02420210838317871,0.006979152128341981
152,5182,Merged18:606864,DDoS,7.970930099487305,1.4745259284973145,6.49640417098999,-0.011852741241455078,0.011852741241455078,0.0018245079784881724
153,5284,Merged50:364401,DDoS,7.845692157745361,1.5139726400375366,6.331719517707825,-0.022385597229003906,0.022385597229003906,0.0035354688669323466
154,5399,Merged63:284813,DDoS,8.324599266052246,1.4918979406356812,6.832701325416565,-0.01380157470703125,0.01380157470703125,0.002019929461235424
155,5591,Merged53:780052,DDoS,7.62800931930542,1.4701194763183594,6.1578898429870605,0.022783756256103516,0.022783756256103516,0.003699929170063166
156,5665,Merged39:145270,DDoS,5.96929407119751,1.4745259284973145,4.494768142700195,0.017236709594726562,0.017236709594726562,0.003834838427143374
157,5723,Merged26:348604,DDoS,5.109795570373535,1.4745259284973145,3.6352696418762207,0.018195629119873047,0.018195629119873047,0.0050053038460393245
158,5831,Merged22:732411,DDoS,5.245215892791748,1.471781849861145,3.773434042930603,-0.008665084838867188,0.008665084838867188,0.0022963392867833272
159,5870,Merged61:175478,DDoS,7.82702112197876,1.4745259284973145,6.352495193481445,-0.06128883361816406,0.06128883361816406,0.009647993701916538
160,6065,Merged56:132833,DDoS,5.091800212860107,1.4654443264007568,3.6263558864593506,0.01363825798034668,0.01363825798034668,0.0037608713560826506
161,6106,Merged47:520225,DDoS,7.932999610900879,1.4654443264007568,6.467555284500122,-0.03082418441772461,0.03082418441772461,0.0047659715397557695
162,6247,Merged09:630913,DDoS,7.764910697937012,1.4654443264007568,6.299466371536255,0.033905982971191406,0.033905982971191406,0.00538235796041288
163,6471,Merged55:629448,DDoS,5.3675923347473145,1.498447299003601,3.8691450357437134,-0.005151987075805664,0.005151987075805664,0.0013315569791803805
164,6705,Merged57:398852,DDoS,4.902440547943115,1.4654443264007568,3.4369962215423584,-0.01008152961730957,0.01008152961730957,0.0029332384929959174
165,6729,Merged57:271373,DDoS,5.141566276550293,1.5036189556121826,3.6379473209381104,-0.00688934326171875,0.00688934326171875,0.0018937446460720625
166,6771,Merged56:446445,DDoS,8.360684394836426,1.4654443264007568,6.895240068435669,-0.012630939483642578,0.012630939483642578,0.0018318346218956483
167,6877,Merged53:120904,DDoS,8.075424194335938,1.4745259284973145,6.600898265838623,0.013592720031738281,0.013592720031738281,0.0020592227730707752
168,7205,Merged16:460728,DDoS,7.86470365524292,1.4654443264007568,6.399259328842163,-0.056540489196777344,0.056540489196777344,0.008835473965235815
169,7277,Merged09:334548,DDoS,8.098105430603027,1.4745259284973145,6.623579502105713,0.006303310394287109,0.006303310394287109,0.0009516471255886963
170,7341,Merged12:21940,DDoS,8.280940055847168,1.4745259284973145,6.8064141273498535,-0.09248685836791992,0.09248685836791992,0.013588191467263927
171,7475,Merged08:120384,DDoS,5.032149314880371,1.4654443264007568,3.5667049884796143,0.010825872421264648,0.010825872421264648,0.003035258720929261
172,7501,Merged03:454460,DDoS,7.933303356170654,1.4745259284973145,6.45877742767334,-0.011515617370605469,0.011515617370605469,0.0017829407344593644
173,7551,Merged26:109100,DDoS,5.8827738761901855,1.4701194763183594,4.412654399871826,0.04241037368774414,0.04241037368774414,0.009611079827365594
174,7626,Merged21:305207,DDoS,7.709099769592285,1.5167068243026733,6.192392945289612,0.029424667358398438,0.029424667358398438,0.00475174421558325
175,7947,Merged45:556279,DDoS,8.155994415283203,1.4745259284973145,6.681468486785889,0.013537406921386719,0.013537406921386719,0.002026112515259182
176,8006,Merged60:564528,DDoS,8.29374885559082,1.4701194763183594,6.823629379272461,-0.057219505310058594,0.057219505310058594,0.00838549430657375
177,8239,Merged27:545555,DDoS,6.093409538269043,1.4745259284973145,4.6188836097717285,0.0022954940795898438,0.0022954940795898438,0.0004969802821472893
178,8435,Merged53:457782,DDoS,7.539307594299316,1.4654443264007568,6.07386326789856,0.4106740951538086,0.4106740951538086,0.06761332566116425
179,8563,Merged62:452857,DDoS,7.847062110900879,1.4701194763183594,6.3769426345825195,0.014655113220214844,0.014655113220214844,0.002298140983853193
180,27,Merged50:244296,DoS,4.987902641296387,0.9640564322471619,4.023846209049225,0.016283035278320312,0.016283035278320312,0.004046634595949866
181,58,Merged29:535569,DoS,5.585063934326172,0.9681333303451538,4.616930603981018,-0.0016741752624511719,0.0016741752624511719,0.0003626165099834052
182,196,Merged03:462446,DoS,5.14027214050293,0.9612985253334045,4.178973615169525,-0.015329837799072266,0.015329837799072266,0.00366832605581081
183,218,Merged20:680205,DoS,4.976406574249268,0.9640564322471619,4.012350142002106,-0.008136272430419922,0.008136272430419922,0.0020278071809455883
184,1270,Merged58:147310,DoS,6.378360748291016,0.9759803414344788,5.402380406856537,0.0011043548583984375,0.0011043548583984375,0.0002044200473178127
185,1440,Merged61:642876,DoS,4.826085090637207,0.9694440960884094,3.8566409945487976,0.017858266830444336,0.017858266830444336,0.004630523519219512
186,1499,Merged33:238253,DoS,5.433664321899414,0.9593912363052368,4.474273085594177,-0.015865325927734375,0.015865325927734375,0.0035459002220530494
187,1723,Merged41:345883,DoS,4.892767906188965,0.9747238159179688,3.918044090270996,-0.0027666091918945312,0.0027666091918945312,0.0007061199741892582
188,1804,Merged48:598820,DoS,6.307717800140381,0.9653469324111938,5.342370867729187,-0.027618885040283203,0.027618885040283203,0.005169780557002552
189,2234,Merged17:88305,DoS,6.0660271644592285,0.9681333303451538,5.097893834114075,0.014678001403808594,0.014678001403808594,0.002879228536613763
190,2310,Merged16:473446,DoS,5.160940647125244,0.9640564322471619,4.196884214878082,0.011263847351074219,0.011263847351074219,0.0026838594477168413
191,2318,Merged01:477519,DoS,4.858174800872803,0.9694440960884094,3.8887307047843933,0.01051640510559082,0.01051640510559082,0.0027043284567512607
192,2435,Merged29:536927,DoS,6.59755277633667,0.9681333303451538,5.629419445991516,0.015991687774658203,0.015991687774658203,0.0028407348089944237
193,2752,Merged35:81002,DoS,4.6895670890808105,0.9680979251861572,3.7214691638946533,0.015586137771606445,0.015586137771606445,0.00418816792110538
194,2922,Merged41:597058,DoS,5.8999810218811035,0.9459720253944397,4.954008996486664,-0.004988670349121094,0.004988670349121094,0.0010069966269054035
195,3102,Merged62:301556,DoS,6.207007884979248,0.9589155316352844,5.248092353343964,-0.015370845794677734,0.015370845794677734,0.0029288443799743323
196,3128,Merged46:320059,DoS,5.191781520843506,0.9778147339820862,4.21396678686142,-0.022657394409179688,0.022657394409179688,0.005376737775870087
197,3360,Merged19:667008,DoS,4.73185396194458,0.9694440960884094,3.7624098658561707,-0.0066509246826171875,0.0066509246826171875,0.001767729970882295
198,3556,Merged08:654633,DoS,4.586277484893799,0.9694440960884094,3.6168333888053894,0.003957033157348633,0.003957033157348633,0.001094060116121525
199,3833,Merged33:266123,DoS,3.8888049125671387,0.9564244151115417,2.932380497455597,0.005329132080078125,0.005329132080078125,0.0018173399000239465
200,3966,Merged43:577138,DoS,5.718623161315918,0.9612985253334045,4.757324635982513,-0.0014400482177734375,0.0014400482177734375,0.00030270127182019174
201,4067,Merged39:339271,DoS,5.845739364624023,0.9351731538772583,4.910566210746765,-0.0026302337646484375,0.0026302337646484375,0.0005356273903592167
202,4267,Merged42:725040,DoS,5.2608642578125,0.9640564322471619,4.296807825565338,-0.0061206817626953125,0.0061206817626953125,0.0014244718430920294
203,4276,Merged20:446370,DoS,5.656928539276123,0.9811356663703918,4.675792872905731,0.004477024078369141,0.004477024078369141,0.000957489820456254
204,4312,Merged48:505232,DoS,4.764293670654297,0.9694440960884094,3.7948495745658875,-0.00226593017578125,0.00226593017578125,0.0005971067182657593
205,4354,Merged23:1680,DoS,5.276542663574219,0.9640564322471619,4.312486231327057,-0.017258644104003906,0.017258644104003906,0.004002017207297379
206,4529,Merged48:616444,DoS,4.970918655395508,0.9651120901107788,4.005806565284729,-0.006967782974243164,0.006967782974243164,0.0017394207285562977
207,4558,Merged57:154092,DoS,5.0886006355285645,0.9640564322471619,4.124544203281403,-0.011844158172607422,0.011844158172607422,0.002871628376096552
208,4793,Merged59:113252,DoS,4.9915971755981445,0.9680979251861572,4.023499250411987,-0.002529621124267578,0.002529621124267578,0.0006287117175450093
209,4814,Merged46:78129,DoS,5.338110446929932,0.9694440960884094,4.368666350841522,0.012034416198730469,0.012034416198730469,0.0027547116745164843
210,4892,Merged15:338551,DoS,6.242445945739746,0.9589155316352844,5.283530414104462,-0.00027179718017578125,0.00027179718017578125,5.144234231153751e-05
211,5053,Merged11:668594,DoS,5.949160099029541,0.968701958656311,4.98045814037323,0.007778167724609375,0.007778167724609375,0.0015617373955132746
212,5257,Merged08:371637,DoS,4.890174865722656,0.9680979251861572,3.922076940536499,-0.005140066146850586,0.005140066146850586,0.0013105469945593365
213,5346,Merged28:151303,DoS,5.652555465698242,0.9693569540977478,4.683198511600494,-0.004589557647705078,0.004589557647705078,0.0009800049338793853
214,5409,Merged26:366547,DoS,6.341893672943115,0.9702745079994202,5.371619164943695,-0.015700817108154297,0.015700817108154297,0.00292292074810908
215,5414,Merged32:133504,DoS,5.090351104736328,0.9694440960884094,4.120907008647919,0.0005817413330078125,0.0005817413330078125,0.00014116827479654376
216,5878,Merged35:360254,DoS,6.455090045928955,0.9784762859344482,5.476613759994507,0.015020370483398438,0.015020370483398438,0.0027426382691288246
217,5939,Merged26:277153,DoS,5.028116703033447,0.9778147339820862,4.050301969051361,-0.022063255310058594,0.022063255310058594,0.005447311207570562
218,5952,Merged10:262861,DoS,6.411364555358887,0.961249828338623,5.450114727020264,-0.006115913391113281,0.006115913391113281,0.001122162320875955
219,6060,Merged62:612871,DoS,4.841578006744385,0.9640564322471619,3.877521574497223,0.03283190727233887,0.03283190727233887,0.008467240385785862
220,6264,Merged45:336268,DoS,5.349810600280762,0.9640564322471619,4.3857541680336,-0.015965938568115234,0.015965938568115234,0.0036404089140440205
221,6569,Merged45:551517,DoS,4.639873504638672,0.9640564322471619,3.67581707239151,-0.014046669006347656,0.014046669006347656,0.0038213732429314834
222,6809,Merged03:674587,DoS,4.8864641189575195,0.9680979251861572,3.9183661937713623,-0.0001270771026611328,0.0001270771026611328,3.2431145119395594e-05
223,6844,Merged38:277971,DoS,6.593688488006592,0.9589155316352844,5.634772956371307,-0.0011491775512695312,0.0011491775512695312,0.0002039438962611869
224,6952,Merged29:171178,DoS,4.824879169464111,0.9680979251861572,3.856781244277954,-0.021948814392089844,0.021948814392089844,0.005690966897501334
225,6956,Merged38:136866,DoS,6.352097988128662,0.9580737352371216,5.3940242528915405,-0.020264625549316406,0.020264625549316406,0.003756865857333377
226,6975,Merged35:143369,DoS,5.157020092010498,0.9640564322471619,4.192963659763336,0.005288124084472656,0.005288124084472656,0.0012611900587688695
227,7017,Merged36:172925,DoS,5.191069602966309,0.9694440960884094,4.221625506877899,-0.0037317276000976562,0.0037317276000976562,0.0008839551480864188
228,7130,Merged49:111579,DoS,4.958530426025391,0.9612985253334045,3.997231900691986,0.0026934146881103516,0.0026934146881103516,0.0006738199721772653
229,7183,Merged53:29166,DoS,4.831969738006592,0.9694440960884094,3.8625256419181824,0.01702117919921875,0.01702117919921875,0.00440674853119313
230,7366,Merged26:331750,DoS,4.861222743988037,0.9640564322471619,3.8971663117408752,0.012683629989624023,0.012683629989624023,0.003254577550722543
231,7512,Merged02:159753,DoS,6.512085914611816,0.9693569540977478,5.542728960514069,-0.007608890533447266,0.007608890533447266,0.0013727697290725122
232,7654,Merged30:647777,DoS,5.373329162597656,0.9735312461853027,4.3997979164123535,0.023111343383789062,0.023111343383789062,0.005252819293717545
233,7734,Merged22:421877,DoS,5.161943435668945,0.9640564322471619,4.1978870034217834,-0.0008478164672851562,0.0008478164672851562,0.0002019626699322978
234,7796,Merged06:299953,DoS,6.1228861808776855,0.9625384211540222,5.160347759723663,-0.0025110244750976562,0.0025110244750976562,0.00048659985567176613
235,8106,Merged55:714608,DoS,6.45190954208374,0.9694440960884094,5.482465445995331,-0.005323886871337891,0.005323886871337891,0.0009710753170777804
236,8188,Merged23:157254,DoS,4.941575527191162,0.9640564322471619,3.9775190949440002,0.008134841918945312,0.008134841918945312,0.0020452049945620296
237,8280,Merged07:281815,DoS,4.728672504425049,0.9694440960884094,3.7592284083366394,0.0025763511657714844,0.0025763511657714844,0.000685340417213822
238,8397,Merged13:408160,DoS,5.036589622497559,0.9759722352027893,4.060617387294769,-0.0025529861450195312,0.0025529861450195312,0.0006287187147963134
239,8561,Merged47:72305,DoS,6.418110370635986,0.9735442399978638,5.444566130638123,0.009593486785888672,0.009593486785888672,0.0017620296192020503
240,94,Merged30:578823,Mirai,9.3782958984375,0.28162887692451477,9.096667021512985,0.0041561126708984375,0.0041561126708984375,0.0004568830167213464
241,330,Merged61:285421,Mirai,9.111748695373535,0.2819790244102478,8.829769670963287,-0.0019054412841796875,0.0019054412841796875,0.00021579739395079968
242,426,Merged08:305339,Mirai,9.103830337524414,0.28305453062057495,8.820775806903839,-0.0010967254638671875,0.0010967254638671875,0.00012433435424226552
243,537,Merged13:257227,Mirai,9.165578842163086,0.28626424074172974,8.879314601421356,0.007709503173828125,0.007709503173828125,0.0008682543101461937
244,1002,Merged16:277688,Mirai,9.164103507995605,0.29617398977279663,8.867929518222809,0.0019788742065429688,0.0019788742065429688,0.00022314951900289214
245,1159,Merged41:584284,Mirai,9.275364875793457,0.25421422719955444,9.021150648593903,-0.016053199768066406,0.016053199768066406,0.0017795068936764255
246,1741,Merged14:173188,Mirai,9.281317710876465,0.246880441904068,9.034437268972397,0.03662681579589844,0.03662681579589844,0.004054133611806513
247,2003,Merged41:55929,Mirai,9.187765121459961,0.2840173542499542,8.903747767210007,0.0059108734130859375,0.0059108734130859375,0.0006638635288899376
248,2235,Merged38:403148,Mirai,9.033588409423828,0.2778901755809784,8.75569823384285,-0.018411636352539062,0.018411636352539062,0.00210281760069959
249,2293,Merged24:53527,Mirai,8.984131813049316,0.2778901755809784,8.706241637468338,-0.007973670959472656,0.007973670959472656,0.000915856840586301
250,2352,Merged03:161883,Mirai,9.253338813781738,0.28626424074172974,8.967074573040009,0.019441604614257812,0.019441604614257812,0.0021681100626407238
251,2458,Merged22:15659,Mirai,9.242576599121094,0.25421422719955444,8.98836237192154,0.008579254150390625,0.008579254150390625,0.0009544846764513061
252,2481,Merged62:455802,Mirai,9.184425354003906,0.2774982154369354,8.90692713856697,-0.023688316345214844,0.023688316345214844,0.0026595385789835975
253,2559,Merged21:518322,Mirai,9.304253578186035,0.28305453062057495,9.02119904756546,-0.037568092346191406,0.037568092346191406,0.0041644233929557135
254,2878,Merged39:238652,Mirai,9.12752628326416,0.2729586362838745,8.854567646980286,0.016303062438964844,0.016303062438964844,0.0018412036689927772
255,2957,Merged46:534458,Mirai,9.092842102050781,0.28305453062057495,8.809787571430206,-0.0070400238037109375,0.0070400238037109375,0.000799113911275393
256,3065,Merged24:498872,Mirai,9.112589836120605,0.28162887692451477,8.83096095919609,-0.0150299072265625,0.0150299072265625,0.0017019560267573324
257,3363,Merged23:27345,Mirai,9.222662925720215,0.2611096501350403,8.961553275585175,0.002628326416015625,0.002628326416015625,0.0002932891581614795
258,3757,Merged03:442422,Mirai,9.33340072631836,0.25421422719955444,9.079186499118805,0.03498363494873047,0.03498363494873047,0.003853168447649562
259,3796,Merged35:68860,Mirai,9.301523208618164,0.28305453062057495,9.018468677997589,0.008429527282714844,0.008429527282714844,0.0009346960757628854
260,3888,Merged35:173192,Mirai,9.302739143371582,0.2611096501350403,9.041629493236542,-0.000179290771484375,0.000179290771484375,1.982947560707844e-05
261,4050,Merged33:143014,Mirai,9.321830749511719,0.25421422719955444,9.067616522312164,-0.0028104782104492188,0.0028104782104492188,0.000309946743285144
262,4096,Merged43:154593,Mirai,9.28227710723877,0.26689887046813965,9.01537823677063,0.0027894973754882812,0.0027894973754882812,0.0003094154568147657
263,4113,Merged15:75366,Mirai,9.296050071716309,0.25421422719955444,9.041835844516754,0.029209136962890625,0.029209136962890625,0.0032304431826866153
264,4358,Merged29:664126,Mirai,8.90030288696289,0.26391056180000305,8.636392325162888,-0.023633956909179688,0.023633956909179688,0.00273655434113618
265,4365,Merged48:122383,Mirai,9.268259048461914,0.27324116230010986,8.995017886161804,-0.009612083435058594,0.009612083435058594,0.0010686008139957233
266,4659,Merged05:309913,Mirai,9.216833114624023,0.26419636607170105,8.952636748552322,0.0029277801513671875,0.0029277801513671875,0.0003270299280087089
267,4716,Merged22:688744,Mirai,9.14607048034668,0.2840173542499542,8.862053126096725,-0.02545166015625,0.02545166015625,0.002871982349248242
268,4791,Merged56:291866,Mirai,9.27265453338623,0.246880441904068,9.025774091482162,0.03182411193847656,0.03182411193847656,0.0035259149648460327
269,4794,Merged05:194952,Mirai,8.91142463684082,0.28162887692451477,8.629795759916306,0.0028791427612304688,0.0028791427612304688,0.00033362814617276545
270,4829,Merged02:697486,Mirai,9.257685661315918,0.2611096501350403,8.996576011180878,-0.0022745132446289062,0.0022745132446289062,0.00025281987745139463
271,4955,Merged53:263272,Mirai,9.209617614746094,0.27324116230010986,8.936376452445984,-0.03877735137939453,0.03877735137939453,0.004339270126515401
272,5204,Merged04:203314,Mirai,9.106757164001465,0.2792605459690094,8.827496618032455,-0.012206077575683594,0.012206077575683594,0.001382733758373751
273,5223,Merged28:134643,Mirai,9.153633117675781,0.2774982154369354,8.876134902238846,-0.015811920166015625,0.015811920166015625,0.0017813970089647186
274,5230,Merged21:568599,Mirai,9.249621391296387,0.25421422719955444,8.995407164096832,-0.00412750244140625,0.00412750244140625,0.0004588455381853373
275,5262,Merged53:24114,Mirai,9.29940128326416,0.25421422719955444,9.045187056064606,0.019544601440429688,0.019544601440429688,0.0021607736047122923
276,5291,Merged30:677586,Mirai,9.136953353881836,0.25421422719955444,8.882739126682281,0.03278064727783203,0.03278064727783203,0.0036903759989263198
277,5299,Merged25:180101,Mirai,9.310461044311523,0.2611096501350403,9.049351394176483,0.0017557144165039062,0.0017557144165039062,0.00019401549791002245
278,5466,Merged61:609947,Mirai,9.238633155822754,0.26391056180000305,8.97472259402275,0.006793975830078125,0.006793975830078125,0.0007570123487274109
279,5587,Merged28:511192,Mirai,9.276535987854004,0.246880441904068,9.029655545949936,0.005626678466796875,0.005626678466796875,0.0006231332345031261
280,5689,Merged02:182559,Mirai,9.266901016235352,0.246880441904068,9.020020574331284,0.013225555419921875,0.013225555419921875,0.0014662444848028938
281,6037,Merged08:135989,Mirai,8.981245040893555,0.28819626569747925,8.693048775196075,0.0056819915771484375,0.0056819915771484375,0.0006536247206343642
282,6191,Merged49:299472,Mirai,9.25698184967041,0.2819790244102478,8.975002825260162,-0.0039691925048828125,0.0039691925048828125,0.0004422497220515087
283,6218,Merged62:593208,Mirai,9.227104187011719,0.2729586362838745,8.954145550727844,0.0036363601684570312,0.0036363601684570312,0.0004061091198323716
284,6280,Merged38:431501,Mirai,9.327881813049316,0.26881179213523865,9.059070020914078,0.01697540283203125,0.01697540283203125,0.0018738571169933842
285,6313,Merged09:71290,Mirai,9.184979438781738,0.2611096501350403,8.923869788646698,-0.013753890991210938,0.013753890991210938,0.0015412473867233232
286,7202,Merged02:698731,Mirai,9.284307479858398,0.2611096501350403,9.023197829723358,0.004223823547363281,0.004223823547363281,0.0004681071641197497
287,7320,Merged28:129182,Mirai,9.227334022521973,0.28626424074172974,8.941069781780243,0.004726409912109375,0.004726409912109375,0.0005286179425353178
288,7410,Merged24:215134,Mirai,9.239551544189453,0.2611096501350403,8.978441894054413,-0.002567291259765625,0.002567291259765625,0.00028593950821976177
289,7425,Merged39:131516,Mirai,9.269399642944336,0.25421422719955444,9.015185415744781,0.007989883422851562,0.007989883422851562,0.0008862694503096346
290,7673,Merged61:623769,Mirai,9.34698486328125,0.25421422719955444,9.092770636081696,-0.010747909545898438,0.010747909545898438,0.0011820280062106552
291,7689,Merged29:15182,Mirai,9.239129066467285,0.246880441904068,8.992248624563217,0.02042865753173828,0.02042865753173828,0.0022718074627001953
292,8215,Merged11:648185,Mirai,9.292407035827637,0.26419636607170105,9.028210669755936,0.047308921813964844,0.047308921813964844,0.0052401216081994426
293,8240,Merged03:379569,Mirai,9.33055591583252,0.27102431654930115,9.059531599283218,0.015760421752929688,0.015760421752929688,0.001739650839583874
294,8372,Merged04:453627,Mirai,9.37992000579834,0.2840173542499542,9.095902651548386,0.024583816528320312,0.024583816528320312,0.0027027352281673153
295,8441,Merged11:53795,Mirai,9.20181941986084,0.2774982154369354,8.924321204423904,-0.019997596740722656,0.019997596740722656,0.0022407975108302445
296,8475,Merged27:203235,Mirai,9.205101013183594,0.28819626569747925,8.916904747486115,-0.016157150268554688,0.016157150268554688,0.0018119684718074138
297,8522,Merged22:540733,Mirai,9.124042510986328,0.28626424074172974,8.837778270244598,-0.011676788330078125,0.011676788330078125,0.0013212357193200948
298,8549,Merged34:273914,Mirai,9.232197761535645,0.246880441904068,8.985317319631577,-0.008482933044433594,0.008482933044433594,0.0009440883101478956
299,8569,Merged07:113724,Mirai,9.236128807067871,0.25421422719955444,8.981914579868317,-0.005558967590332031,0.005558967590332031,0.0006189067532207071
300,374,Merged04:67534,Recon,6.28063440322876,-2.144890308380127,8.425524711608887,-0.01971149444580078,0.01971149444580078,0.002339497553029762
301,610,Merged56:639297,Recon,3.351259469985962,-2.1550018787384033,5.506261348724365,0.020325660705566406,0.020325660705566406,0.003691372315677542
302,612,Merged11:370701,Recon,2.4016129970550537,-2.1743814945220947,4.575994491577148,-0.01767110824584961,0.01767110824584961,0.0038616978841159266
303,658,Merged60:493038,Recon,6.030144214630127,-2.145514726638794,8.175658941268921,-0.0073947906494140625,0.0073947906494140625,0.000904488641531607
304,737,Merged35:226118,Recon,4.745220184326172,-2.1743814945220947,6.919601678848267,0.06653738021850586,0.06653738021850586,0.009615781847948895
305,991,Merged10:238786,Recon,5.995855331420898,-2.182008743286133,8.177864074707031,0.05530548095703125,0.05530548095703125,0.006762827121091829
306,1248,Merged23:687994,Recon,3.57267689704895,-2.155026435852051,5.727703332901001,-0.031527042388916016,0.031527042388916016,0.005504307844964452
307,1442,Merged53:76503,Recon,2.3947134017944336,-2.158979654312134,4.553693056106567,-0.036049842834472656,0.036049842834472656,0.007916616774626323
308,1492,Merged31:82158,Recon,5.966585159301758,-2.142143964767456,8.108729124069214,0.006918907165527344,0.006918907165527344,0.000853266530385124
309,1774,Merged58:692627,Recon,5.706772804260254,-2.176252841949463,7.883025646209717,-0.014396190643310547,0.014396190643310547,0.0018262265390741768
310,1919,Merged42:753500,Recon,3.669562339782715,-2.161921977996826,5.831484317779541,0.01879262924194336,0.01879262924194336,0.003222615069828233
311,1966,Merged14:639064,Recon,5.688806056976318,-2.1248512268066406,7.813657283782959,0.03615570068359375,0.03615570068359375,0.004627244243055549
312,2005,Merged56:111311,Recon,4.375300884246826,-2.1743814945220947,6.549682378768921,0.03614473342895508,0.03614473342895508,0.005518547517070415
313,2033,Merged34:256488,Recon,4.300278663635254,-2.153502941131592,6.453781604766846,-0.037663936614990234,0.037663936614990234,0.005835948428619148
314,2047,Merged02:232576,Recon,6.121882438659668,-2.1248512268066406,8.246733665466309,0.04030799865722656,0.04030799865722656,0.004887753175056292
315,2214,Merged44:644544,Recon,5.945772647857666,-2.182008743286133,8.127781391143799,-0.0908803939819336,0.0908803939819336,0.011181451568192863
316,2486,Merged45:307359,Recon,3.5049386024475098,-2.1626687049865723,5.667607307434082,0.004857540130615234,0.004857540130615234,0.00085707069440815
317,2508,Merged16:544635,Recon,6.035061836242676,-2.129086494445801,8.164148330688477,-0.006834983825683594,0.006834983825683594,0.0008371949588411269
318,2874,Merged17:634924,Recon,5.819815635681152,-2.1610586643218994,7.980874300003052,0.0010085105895996094,0.0010085105895996094,0.0001263659283042741
319,2906,Merged44:61308,Recon,1.3240747451782227,-2.1550018787384033,3.479076623916626,-0.0033478736877441406,0.0033478736877441406,0.0009622880004221403
320,2948,Merged33:40005,Recon,2.3946659564971924,-2.164639949798584,4.559305906295776,0.12746620178222656,0.12746620178222656,0.027957369915936812
321,2976,Merged59:588814,Recon,3.016986131668091,-2.158979654312134,5.175965785980225,0.03829479217529297,0.03829479217529297,0.007398579078520841
322,3164,Merged15:360286,Recon,4.4128499031066895,-2.1550018787384033,6.567851781845093,-0.01291799545288086,0.01291799545288086,0.001966852462869044
323,3271,Merged04:33032,Recon,3.2207248210906982,-2.169776678085327,5.390501499176025,0.030557632446289062,0.030557632446289062,0.005668792124621429
324,3376,Merged07:166458,Recon,5.020777225494385,-2.1242916584014893,7.145068883895874,0.030739307403564453,0.030739307403564453,0.00430217089618928
325,3444,Merged13:227933,Recon,2.8125369548797607,-2.178011417388916,4.990548372268677,-0.01096487045288086,0.01096487045288086,0.002197127376584527
326,3446,Merged27:666753,Recon,2.6561386585235596,-2.1610586643218994,4.817197322845459,0.018638134002685547,0.018638134002685547,0.0038690825294398013
327,3730,Merged16:454214,Recon,5.890297889709473,-2.142143964767456,8.032441854476929,-0.021566390991210938,0.021566390991210938,0.0026849109376609784
328,3934,Merged54:495283,Recon,3.2768542766571045,-2.178011417388916,5.4548656940460205,-0.024673938751220703,0.024673938751220703,0.004523289872774004
329,4010,Merged61:426434,Recon,4.478158950805664,-2.158979654312134,6.637138605117798,-0.03234148025512695,0.03234148025512695,0.0048728047098773744
330,4588,Merged39:586247,Recon,6.404816627502441,-2.12904691696167,8.533863544464111,-0.019911766052246094,0.019911766052246094,0.002333265108880583
331,4631,Merged12:38802,Recon,5.245800971984863,-2.1376733779907227,7.383474349975586,-0.04333162307739258,0.04333162307739258,0.005868730765961943
332,4708,Merged22:132359,Recon,4.910775661468506,-2.1169204711914062,7.027696132659912,-0.025344371795654297,0.025344371795654297,0.003606355670085256
333,4905,Merged27:715861,Recon,3.2997348308563232,-2.1610586643218994,5.460793495178223,0.042928218841552734,0.042928218841552734,0.007861168689029816
334,4993,Merged06:226421,Recon,4.540502548217773,-2.1683542728424072,6.708856821060181,-0.036882877349853516,0.036882877349853516,0.005497639662553571
335,5087,Merged21:677628,Recon,3.0406131744384766,-2.176252841949463,5.2168660163879395,-0.08484268188476562,0.08484268188476562,0.016263151405124472
336,5245,Merged56:563113,Recon,6.014716148376465,-2.145514726638794,8.160230875015259,0.026343345642089844,0.026343345642089844,0.0032282598428369324
337,5349,Merged05:658176,Recon,5.9595136642456055,-2.1494569778442383,8.108970642089844,-0.049076080322265625,0.049076080322265625,0.006052072758475018
338,5476,Merged63:66460,Recon,2.785146713256836,-2.1749298572540283,4.960076570510864,0.003880023956298828,0.003880023956298828,0.0007822508183375088
339,5561,Merged22:685219,Recon,2.36572003364563,-2.164639949798584,4.530359983444214,0.013317108154296875,0.013317108154296875,0.002939525380535549
340,5576,Merged20:138190,Recon,4.440439701080322,-2.164639949798584,6.605079650878906,-0.0455632209777832,0.0455632209777832,0.006898209164172657
341,5778,Merged60:51805,Recon,5.903155326843262,-2.176252841949463,8.079408168792725,0.06784343719482422,0.06784343719482422,0.008397080055550876
342,5976,Merged20:433035,Recon,4.544567108154297,-2.1626687049865723,6.707235813140869,0.031195640563964844,0.031195640563964844,0.0046510427593504464
343,6012,Merged15:396948,Recon,5.654261589050293,-2.1743814945220947,7.828643083572388,-0.049063682556152344,0.049063682556152344,0.006267201356912988
344,6196,Merged53:283519,Recon,4.8922858238220215,-2.1570119857788086,7.04929780960083,-0.055938720703125,0.055938720703125,0.007935360686129468
345,6276,Merged45:88798,Recon,2.6321825981140137,-2.159851551055908,4.792034149169922,0.0323185920715332,0.0323185920715332,0.006744232421033862
346,6342,Merged35:514151,Recon,3.8124446868896484,-2.1610586643218994,5.973503351211548,0.010993003845214844,0.010993003845214844,0.0018402942459193965
347,6405,Merged16:314645,Recon,6.1002068519592285,-2.145514726638794,8.245721578598022,-0.11107158660888672,0.11107158660888672,0.013470208222549717
348,6676,Merged13:121063,Recon,5.492916584014893,-2.182008743286133,7.674925327301025,0.0059185028076171875,0.0059185028076171875,0.000771147933721786
349,7349,Merged35:150580,Recon,3.6251275539398193,-2.166062831878662,5.7911903858184814,-0.10518074035644531,0.10518074035644531,0.018162196949009456
350,7830,Merged03:307917,Recon,3.6477444171905518,-2.1610586643218994,5.808803081512451,0.00866842269897461,0.00866842269897461,0.0014922906797380352
351,7982,Merged37:424783,Recon,2.935616970062256,-2.169776678085327,5.105393648147583,-0.07289791107177734,0.07289791107177734,0.01427860731135341
352,8000,Merged27:649677,Recon,3.031599283218384,-2.1690354347229004,5.200634717941284,-0.023962974548339844,0.023962974548339844,0.004607701914858922
353,8168,Merged03:569307,Recon,2.643216133117676,-2.153502941131592,4.796719074249268,0.029872894287109375,0.029872894287109375,0.006227776491535471
354,8272,Merged27:137633,Recon,4.4128265380859375,-2.1749298572540283,6.587756395339966,0.1201634407043457,0.1201634407043457,0.018240419574310107
355,8278,Merged08:334533,Recon,3.548509120941162,-2.161921977996826,5.710431098937988,-0.04529619216918945,0.04529619216918945,0.007932184345524023
356,8343,Merged27:295419,Recon,3.010040760040283,-2.1626687049865723,5.1727094650268555,-0.050739288330078125,0.050739288330078125,0.009809035027606118
357,8349,Merged42:506464,Recon,5.651445388793945,-2.1550018787384033,7.806447267532349,0.07728052139282227,0.07728052139282227,0.0098995764327056
358,8409,Merged47:315249,Recon,3.3420662879943848,-2.1550018787384033,5.497068166732788,-0.025809764862060547,0.025809764862060547,0.004695187339727082
359,8537,Merged22:677944,Recon,3.316187620162964,-2.1683542728424072,5.484541893005371,0.05902814865112305,0.05902814865112305,0.010762639761472825
360,46,Merged63:318841,Spoofing,6.5503621101379395,-2.5923635959625244,9.142725706100464,0.0061626434326171875,0.0061626434326171875,0.0006740488154976777
361,273,Merged56:211322,Spoofing,6.931829452514648,-2.568765878677368,9.500595331192017,-0.0032644271850585938,0.0032644271850585938,0.00034360238187821165
362,343,Merged18:630556,Spoofing,6.811399936676025,-2.568765878677368,9.380165815353394,-0.04168891906738281,0.04168891906738281,0.004444369096242059
363,428,Merged13:526589,Spoofing,6.648515224456787,-2.5923635959625244,9.240878820419312,0.032073974609375,0.032073974609375,0.0034708792564731
364,543,Merged01:338332,Spoofing,6.7811384201049805,-2.574721097946167,9.355859518051147,0.08846473693847656,0.08846473693847656,0.009455543530532193
365,660,Merged37:128728,Spoofing,6.795878887176514,-2.5641040802001953,9.359982967376709,0.018289566040039062,0.018289566040039062,0.001954017021589198
366,704,Merged05:570596,Spoofing,6.190688133239746,-2.57523775100708,8.765925884246826,-0.03690814971923828,0.03690814971923828,0.004210410880334457
367,1235,Merged45:517916,Spoofing,6.011208534240723,-2.5793962478637695,8.590604782104492,-0.07369041442871094,0.07369041442871094,0.00857802405043927
368,1237,Merged25:175217,Spoofing,6.927430629730225,-2.5923635959625244,9.519794225692749,-0.12287712097167969,0.12287712097167969,0.012907539602069288
369,1528,Merged25:578647,Spoofing,3.024291515350342,-2.57523775100708,5.599529266357422,-0.047394752502441406,0.047394752502441406,0.008464060146483064
370,1685,Merged15:83796,Spoofing,6.384889602661133,-2.558126449584961,8.943016052246094,0.012926101684570312,0.012926101684570312,0.001445385047846788
371,2065,Merged01:184547,Spoofing,6.841253280639648,-2.589869499206543,9.431122779846191,-0.02075672149658203,0.02075672149658203,0.0022008749097125577
372,2147,Merged53:340829,Spoofing,5.272972106933594,-2.594322681427002,7.867294788360596,0.010014057159423828,0.010014057159423828,0.001272871734034842
373,2160,Merged04:638405,Spoofing,6.551719665527344,-2.551138401031494,9.102858066558838,-0.015814781188964844,0.015814781188964844,0.0017373423899756926
374,2273,Merged46:134354,Spoofing,6.772455215454102,-2.572728395462036,9.345183610916138,-0.04960155487060547,0.04960155487060547,0.005307713249493112
375,2324,Merged63:267131,Spoofing,6.2143025398254395,-2.592900514602661,8.8072030544281,-0.15419864654541016,0.15419864654541016,0.017508242468405665
376,2341,Merged34:654730,Spoofing,6.398717880249023,-2.594322681427002,8.993040561676025,-0.09567451477050781,0.09567451477050781,0.010638728260409073
377,2527,Merged42:140920,Spoofing,6.524343490600586,-2.5641040802001953,9.088447570800781,-0.008892059326171875,0.008892059326171875,0.0009783914422018718
378,2663,Merged35:447766,Spoofing,6.5670366287231445,-2.5865275859832764,9.153564214706421,-0.017495155334472656,0.017495155334472656,0.001911294324713903
379,2801,Merged46:88818,Spoofing,6.760510444641113,-2.572728395462036,9.33323884010315,0.03850841522216797,0.03850841522216797,0.004125943403130824
380,2984,Merged53:596142,Spoofing,2.821733236312866,-2.551138401031494,5.37287163734436,0.051679134368896484,0.051679134368896484,0.009618531365927037
381,3132,Merged42:856655,Spoofing,6.373040199279785,-2.568654775619507,8.941694974899292,-0.03560161590576172,0.03560161590576172,0.003981528782373019
382,3318,Merged02:509690,Spoofing,6.609156608581543,-2.592900514602661,9.202057123184204,0.09645366668701172,0.09645366668701172,0.010481750482074347
383,3497,Merged01:313103,Spoofing,6.532959938049316,-2.5587007999420166,9.091660737991333,-0.07074165344238281,0.07074165344238281,0.00778093854148941
384,3521,Merged50:522716,Spoofing,5.977837085723877,-2.568654775619507,8.546491861343384,-0.07332420349121094,0.07332420349121094,0.008579450455322313
385,3539,Merged23:6065,Spoofing,6.866235256195068,-2.589869499206543,9.456104755401611,0.2052593231201172,0.2052593231201172,0.021706540740558833
386,3839,Merged02:444495,Spoofing,6.862990856170654,-2.5754785537719727,9.438469409942627,0.008348464965820312,0.008348464965820312,0.0008845147028845496
387,3902,Merged26:123691,Spoofing,6.141078948974609,-2.566136360168457,8.707215309143066,-0.0037384033203125,0.0037384033203125,0.00042934545518668476
388,4041,Merged37:522748,Spoofing,6.310515403747559,-2.567293405532837,8.877808809280396,0.0736684799194336,0.0736684799194336,0.008298047581563644
389,4106,Merged40:573686,Spoofing,2.6511337757110596,-2.551138401031494,5.202272176742554,0.023975372314453125,0.023975372314453125,0.004608634746493695
390,4475,Merged40:678036,Spoofing,6.46419095993042,-2.5865275859832764,9.050718545913696,0.02383708953857422,0.02383708953857422,0.0026337234350676405
391,4744,Merged04:10535,Spoofing,6.163012504577637,-2.566136360168457,8.729148864746094,0.019103050231933594,0.019103050231933594,0.002188420718666395
392,4823,Merged16:678726,Spoofing,6.437637805938721,-2.589869499206543,9.027507305145264,0.08082389831542969,0.08082389831542969,0.008953069278533154
393,4883,Merged14:488502,Spoofing,6.978470325469971,-2.560471296310425,9.538941621780396,0.11439990997314453,0.11439990997314453,0.011992935328583379
394,4992,Merged25:393917,Spoofing,6.91196346282959,-2.566136360168457,9.478099822998047,-0.27541542053222656,0.27541542053222656,0.029058083969948006
395,5021,Merged61:668551,Spoofing,6.76644229888916,-2.567293405532837,9.333735704421997,-0.12486934661865234,0.12486934661865234,0.013378281812660885
396,5139,Merged61:125969,Spoofing,6.293437957763672,-2.594322681427002,8.887760639190674,-0.05365467071533203,0.05365467071533203,0.0060369167097886495
397,5247,Merged28:528488,Spoofing,4.621138572692871,-2.574721097946167,7.195859670639038,-0.0009517669677734375,0.0009517669677734375,0.00013226591558711075
398,5391,Merged09:74869,Spoofing,6.729975700378418,-2.566136360168457,9.296112060546875,0.01552581787109375,0.01552581787109375,0.0016701409976527747
399,5773,Merged32:326626,Spoofing,2.723299503326416,-2.551138401031494,5.27443790435791,-0.023212432861328125,0.023212432861328125,0.004400930162084052
400,6002,Merged29:651612,Spoofing,6.842104911804199,-2.5754785537719727,9.417583465576172,-0.031029701232910156,0.031029701232910156,0.003294868725754558
401,6005,Merged13:273040,Spoofing,2.821733236312866,-2.551138401031494,5.37287163734436,0.051679134368896484,0.051679134368896484,0.009618531365927037
402,6166,Merged29:597002,Spoofing,6.829669952392578,-2.568162679672241,9.39783263206482,0.1018075942993164,0.1018075942993164,0.010833092935913249
403,6242,Merged28:166304,Spoofing,6.6396565437316895,-2.568654775619507,9.208311319351196,0.042476654052734375,0.042476654052734375,0.004612860336668897
404,6335,Merged31:586448,Spoofing,6.250701427459717,-2.5923635959625244,8.843065023422241,-0.08423995971679688,0.08423995971679688,0.009526104296833074
405,6390,Merged16:137129,Spoofing,6.901519298553467,-2.568162679672241,9.469681978225708,-0.04254150390625,0.04254150390625,0.004492389924399638
406,6767,Merged26:223292,Spoofing,6.720150947570801,-2.566136360168457,9.286287307739258,-0.045101165771484375,0.045101165771484375,0.004856748911257219
407,6841,Merged27:49734,Spoofing,6.318380832672119,-2.568654775619507,8.887035608291626,0.06758785247802734,0.06758785247802734,0.007605219046829036
408,6872,Merged25:288966,Spoofing,6.881030559539795,-2.5622410774230957,9.44327163696289,-0.055298805236816406,0.055298805236816406,0.005855894796075293
409,7469,Merged56:70511,Spoofing,6.023076057434082,-2.57523775100708,8.598313808441162,0.056873321533203125,0.056873321533203125,0.006614473814315695
410,7515,Merged54:376965,Spoofing,6.847827911376953,-2.592900514602661,9.440728425979614,0.056916236877441406,0.056916236877441406,0.006028797176372067
411,7519,Merged15:625973,Spoofing,6.93306827545166,-2.5622472763061523,9.495315551757812,0.11354541778564453,0.11354541778564453,0.01195804575074122
412,7642,Merged59:182649,Spoofing,6.787691116333008,-2.572728395462036,9.360419511795044,-0.04544639587402344,0.04544639587402344,0.004855166567775786
413,7686,Merged44:587858,Spoofing,2.7176342010498047,-2.557584762573242,5.275218963623047,-0.002852916717529297,0.002852916717529297,0.0005408148433652694
414,7821,Merged05:533982,Spoofing,6.508810043334961,-2.5638835430145264,9.072693586349487,-0.022170066833496094,0.022170066833496094,0.002443603613688942
415,7842,Merged33:176358,Spoofing,6.7553815841674805,-2.552464723587036,9.307846307754517,0.01642131805419922,0.01642131805419922,0.0017642446502923405
416,7873,Merged24:302761,Spoofing,4.13916015625,-2.572728395462036,6.711888551712036,-0.02077198028564453,0.02077198028564453,0.003094804111481576
417,7896,Merged33:73133,Spoofing,6.842434883117676,-2.5923635959625244,9.4347984790802,-0.0343780517578125,0.0343780517578125,0.003643750508719294
418,8157,Merged04:333235,Spoofing,6.874447822570801,-2.592900514602661,9.467348337173462,-0.005581855773925781,0.005581855773925781,0.0005895901972898444
419,8345,Merged03:434569,Spoofing,6.4719367027282715,-2.5793962478637695,9.051332950592041,0.018390655517578125,0.018390655517578125,0.0020318173707636294
420,16,Merged12:684839,Web,2.9576642513275146,-1.9492942094802856,4.9069584608078,0.012394428253173828,0.012394428253173828,0.002525888154988256
421,67,Merged12:539263,Web,3.9178667068481445,-1.9338464736938477,5.851713180541992,-0.0404047966003418,0.0404047966003418,0.006904780763126784
422,219,Merged27:38778,Web,4.761783599853516,-1.8996495008468628,6.661433100700378,-0.057941436767578125,0.057941436767578125,0.008698043783024138
423,324,Merged40:464656,Web,3.257441997528076,-1.9462867975234985,5.203728795051575,0.005576610565185547,0.005576610565185547,0.001071656649456551
424,757,Merged08:455187,Web,3.3114218711853027,-1.9302146434783936,5.241636514663696,-0.1430654525756836,0.1430654525756836,0.027294043029395882
425,1294,Merged46:57193,Web,2.8296475410461426,-1.9360675811767578,4.7657151222229,0.05718994140625,0.05718994140625,0.012000285358973484
426,1333,Merged09:24783,Web,4.3397955894470215,-1.90887451171875,6.2486701011657715,-0.1052556037902832,0.1052556037902832,0.016844480839314335
427,1488,Merged57:640816,Web,3.564662218093872,-1.9271095991134644,5.491771817207336,0.08863687515258789,0.08863687515258789,0.016139941370991142
428,1629,Merged41:22919,Web,3.2747058868408203,-1.9290237426757812,5.203729629516602,0.004290103912353516,0.004290103912353516,0.0008244286728540205
429,1787,Merged57:457285,Web,3.512360095977783,-1.9409713745117188,5.453331470489502,-0.0667867660522461,0.0667867660522461,0.012246966173551005
430,1830,Merged14:724900,Web,3.7875609397888184,-1.9301159381866455,5.717676877975464,0.02811431884765625,0.02811431884765625,0.00491708773469743
431,2104,Merged19:610191,Web,2.759176015853882,-1.9279648065567017,4.6871408224105835,0.027328968048095703,0.027328968048095703,0.0058306266194153925
432,2108,Merged32:24679,Web,2.2989044189453125,-1.9492942094802856,4.248198628425598,-0.044596195220947266,0.044596195220947266,0.010497671865563126
433,2128,Merged08:80973,Web,3.2933642864227295,-1.9302146434783936,5.223578929901123,-0.05239534378051758,0.05239534378051758,0.010030545050366333
434,2210,Merged62:214313,Web,3.106891632080078,-1.9290237426757812,5.035915374755859,0.1350564956665039,0.1350564956665039,0.026818658697784697
435,2326,Merged22:75806,Web,3.3327786922454834,-1.9455486536026,5.2783273458480835,0.039383888244628906,0.039383888244628906,0.007461433454976633
436,2662,Merged08:256346,Web,2.1511077880859375,-1.9301159381866455,4.081223726272583,0.003658771514892578,0.003658771514892578,0.0008964888377325411
437,2776,Merged37:686063,Web,3.4276304244995117,-1.9290237426757812,5.356654167175293,0.0156707763671875,0.0156707763671875,0.002925478456909814
438,2849,Merged17:78092,Web,4.498185634613037,-1.9240368604660034,6.4222224950790405,0.02645587921142578,0.02645587921142578,0.004119427383853069
439,3195,Merged03:398200,Web,1.8739854097366333,-1.9271095991134644,3.8010950088500977,-0.022996187210083008,0.022996187210083008,0.006049884877000164
440,3319,Merged31:95400,Web,2.0014290809631348,-1.9235044717788696,3.9249335527420044,0.09151554107666016,0.09151554107666016,0.02331645615063377
441,3374,Merged25:398205,Web,2.7168335914611816,-1.9301159381866455,4.646949529647827,0.0498661994934082,0.0498661994934082,0.010730953537424658
442,3387,Merged08:139372,Web,3.7215001583099365,-1.942564845085144,5.664065003395081,0.05669689178466797,0.05669689178466797,0.01000992957366899
443,3540,Merged35:291895,Web,4.1993327140808105,-1.9492942094802856,6.148626923561096,-0.04990100860595703,0.04990100860595703,0.008115797108251919
444,3694,Merged26:764115,Web,4.476895809173584,-1.9375085830688477,6.414404392242432,0.04860877990722656,0.04860877990722656,0.007578066011243994
445,3724,Merged26:102218,Web,2.2237608432769775,-1.9301159381866455,4.153876781463623,0.09209728240966797,0.09209728240966797,0.02217140451075619
446,3742,Merged07:438806,Web,2.5632646083831787,-1.9360675811767578,4.4993321895599365,0.03820991516113281,0.03820991516113281,0.00849235254284925
447,4028,Merged26:201044,Web,2.0902061462402344,-1.9253339767456055,4.01554012298584,0.01934528350830078,0.01934528350830078,0.004817604336105148
448,4176,Merged46:293867,Web,4.395818710327148,-1.9492942094802856,6.345112919807434,-0.021142005920410156,0.021142005920410156,0.003332014132390222
449,4382,Merged26:729408,Web,2.244035005569458,-1.942564845085144,4.186599850654602,-0.05789041519165039,0.05789041519165039,0.013827549146498643
450,4457,Merged19:164049,Web,4.783483028411865,-1.90887451171875,6.692357540130615,0.008020877838134766,0.008020877838134766,0.0011985130486585182
451,4742,Merged50:248753,Web,2.2167794704437256,-1.9414016008377075,4.158181071281433,0.02097320556640625,0.02097320556640625,0.005043841335159295
452,4925,Merged29:234597,Web,1.8482638597488403,-1.942367434501648,3.7906312942504883,-0.011608362197875977,0.011608362197875977,0.0030623823043626477
453,5018,Merged11:679339,Web,3.5025854110717773,-1.9338464736938477,5.436431884765625,0.12226152420043945,0.12226152420043945,0.022489295698351307
454,5045,Merged28:362948,Web,3.129150152206421,-1.942367434501648,5.071517586708069,-0.01925945281982422,0.01925945281982422,0.003797571928036153
455,5118,Merged32:643176,Web,3.316690444946289,-1.9301159381866455,5.246806383132935,-0.034949302673339844,0.034949302673339844,0.006661062010157724
456,5227,Merged53:247060,Web,4.743836402893066,-1.8996495008468628,6.643485903739929,-0.0015535354614257812,0.0015535354614257812,0.00023384341954443274
457,5521,Merged59:531721,Web,2.3404152393341064,-1.9375085830688477,4.277923822402954,0.0054988861083984375,0.0054988861083984375,0.0012854100111838029
458,5563,Merged53:546869,Web,2.570394992828369,-1.942367434501648,4.512762427330017,-0.027216434478759766,0.027216434478759766,0.0060309920845672375
459,5607,Merged06:510708,Web,2.6425232887268066,-1.9302146434783936,4.5727379322052,-0.15476369857788086,0.15476369857788086,0.033844865127279695
460,5924,Merged15:642389,Web,1.11478853225708,-1.9329482316970825,3.0477367639541626,-0.031867027282714844,0.031867027282714844,0.010455964458482386
461,5988,Merged54:426883,Web,2.7945024967193604,-1.9338464736938477,4.728348970413208,-0.0024089813232421875,0.0024089813232421875,0.0005094762121653783
462,6227,Merged29:454304,Web,2.152130126953125,-1.9414016008377075,4.0935317277908325,-0.0006279945373535156,0.0006279945373535156,0.00015341142541783282
463,6463,Merged40:482111,Web,2.931112766265869,-1.9267796277999878,4.857892394065857,-0.19905853271484375,0.19905853271484375,0.040976315769777664
464,6598,Merged39:314272,Web,3.0481293201446533,-1.9301159381866455,4.978245258331299,0.035924434661865234,0.035924434661865234,0.007216284613889646
465,6796,Merged27:718281,Web,1.578457236289978,-1.9462867975234985,3.5247440338134766,0.06436586380004883,0.06436586380004883,0.01826114554208079
466,6862,Merged39:398772,Web,4.056358814239502,-1.9290237426757812,5.985382556915283,-0.019614219665527344,0.019614219665527344,0.0032770202203476237
467,7112,Merged62:659413,Web,2.2891621589660645,-1.9302146434783936,4.219376802444458,-0.0674142837524414,0.0674142837524414,0.015977308239782127
468,7324,Merged60:275973,Web,2.818227767944336,-1.9335654973983765,4.751793265342712,-0.003154754638671875,0.003154754638671875,0.0006639082263281809
469,7337,Merged25:94003,Web,4.420875072479248,-1.9359906911849976,6.356865763664246,0.017344951629638672,0.017344951629638672,0.0027285382882838534
470,7735,Merged61:618339,Web,3.1750330924987793,-1.9409713745117188,5.116004467010498,0.006298065185546875,0.006298065185546875,0.001231051541522032
471,7849,Merged17:329476,Web,2.851862907409668,-1.9414016008377075,4.7932645082473755,-0.04923582077026367,0.04923582077026367,0.010271876439438643
472,7859,Merged20:591092,Web,3.0251009464263916,-1.9302146434783936,4.955315589904785,-0.02240276336669922,0.02240276336669922,0.004520955923037322
473,7925,Merged12:719218,Web,4.298647880554199,-1.9235044717788696,6.222152352333069,0.004928112030029297,0.004928112030029297,0.0007920268985669314
474,7959,Merged30:383914,Web,2.247122287750244,-1.9335654973983765,4.180687785148621,-0.004207611083984375,0.004207611083984375,0.001006439920945878
475,8009,Merged53:245072,Web,3.652184247970581,-1.9253339767456055,5.5775182247161865,0.025118350982666016,0.025118350982666016,0.004503499580038426
476,8145,Merged37:503050,Web,2.2421960830688477,-1.9409713745117188,4.183167457580566,0.0016102790832519531,0.0016102790832519531,0.0003849425344744138
477,8194,Merged46:536225,Web,2.535844087600708,-1.9301159381866455,4.4659600257873535,0.054071903228759766,0.054071903228759766,0.01210756543196484
478,8385,Merged07:431527,Web,2.708249807357788,-1.9462867975234985,4.654536604881287,-0.08975791931152344,0.08975791931152344,0.019283964641591364
479,8393,Merged17:320334,Web,3.021700620651245,-1.9302146434783936,4.951915264129639,0.019205570220947266,0.019205570220947266,0.0038784125326350644
