class,feature,original_abs_mean,no_number_abs_mean,abs_mean_delta,original_rank,no_number_rank
Benign,https,0.1081069593659785,0.1591970244245387,0.0510900650585602,1,1
Benign,ttl,0.1078860974645462,0.1492608620760319,0.041374764611485704,2,2
Benign,proto_num,0.0830805344169737,0.0809982474462596,-0.002082286970714109,3,5
Benign,ack_cnt,0.0759437275376069,0.1033257176935169,0.027381990155909988,4,3
Benign,rate,0.0692194022870574,0.0275457826448452,-0.04167361964221221,5,9
Benign,ack,0.0553647316475435,0.0338131998285925,-0.021551531818950996,6,7
Benign,dns,0.0502300519728447,0.0487948286593908,-0.001435223313453901,8,6
Benign,psh,0.0497584898283022,0.0975350206831906,0.0477765308548884,9,4
Benign,tot_size,0.0376718579822457,0.0119712038866039,-0.025700654095641796,10,19
Benign,max,0.0342427569131865,0.0283974026866537,-0.0058453542265327965,11,8
Benign,header_len,0.0341326288272609,0.0238400112297707,-0.010292617597490197,12,10
Benign,iat,0.0299416716846118,0.0073623472608614,-0.0225793244237504,13,27
Benign,avg,0.0232485586411998,0.0135961613223611,-0.0096523973188387,14,16
Benign,var,0.0221040678757081,0.0080432025353343,-0.0140608653403738,15,25
Benign,std,0.0195634195522708,0.0087949679940997,-0.010768451558171101,16,22
Benign,tcp,0.0152779947414976,0.0083736401407064,-0.006904354600791201,17,23
Benign,tot_sum,0.0149170773189253,0.0123193558336032,-0.002597721485322101,18,17
Benign,min,0.0127879441470569,0.0141496690956411,0.001361724948584199,19,15
Benign,syn_cnt,0.0103040177483252,0.0168870357252746,0.006583017976949398,20,13
Benign,fin,0.0092486923500892,0.0121211153151413,0.0028724229650521,21,18
Benign,udp,0.0087262578667626,0.0063938661249306,-0.002332391741832,22,29
Benign,ece,0.0072891148490416,0.0082485157537742,0.0009594009047326005,23,24
Benign,rst,0.0068197594599719,0.0098721604864269,0.0030524010264550002,24,20
Benign,http,0.0068147526335351,0.0148790593269345,0.0080643066933994,25,14
Benign,syn,0.0067733191673587,0.0096165954377178,0.0028432762703591,26,21
Benign,telnet,0.0060973168996204,0.0077165587810699,0.0016192418814494998,27,26
Benign,rst_cnt,0.0059195190841581,0.0172908196706186,0.011371300586460503,28,12
Benign,ipv,0.0049277292288278,0.0035911616990071,-0.0013365675298207002,29,34
Benign,llc,0.004710147995064,0.0033198506842574,-0.0013902973108066005,30,36
Benign,fin_cnt,0.0042755785949187,0.0187852424567514,0.014509663861832701,31,11
Benign,arp,0.0037247124878857,0.0037132893194587,-1.1423168426999766e-05,32,33
Benign,smtp,0.0035606737309686,0.003963363849171,0.00040269011820239994,33,32
Benign,cwr,0.0034208626226453,0.0045314628067031,0.0011106001840578,34,31
Benign,dhcp,0.0029354432517026,0.0034279246684726,0.0004924814167699999,35,35
Benign,icmp,0.0027406643974193,0.0027397286907466,-9.357066727000429e-07,36,38
Benign,irc,0.0022440154979614,0.0056644415274921,0.0034204260295306998,37,30
Benign,ssh,0.0022417368288633,0.0066384299702536,0.004396693141390301,38,28
Benign,igmp,0.0022047631614909,0.0032807322637943,0.0010759691023034,39,37
BruteForce,max,0.0847096496682572,0.0711513208808426,-0.0135583287874146,1,5
BruteForce,irc,0.0748533164290326,0.1085221840633162,0.03366886763428359,2,2
BruteForce,ack_cnt,0.0723919871818861,0.0905949001442727,0.018202912962386603,3,3
BruteForce,ssh,0.062657593426092,0.1920594960668582,0.1294019026407662,4,1
BruteForce,avg,0.0582040341305499,0.0213993254088727,-0.036804708721677196,5,12
BruteForce,rate,0.0504180081310606,0.030129121738752,-0.0202888863923086,7,9
BruteForce,tot_size,0.0461383106957823,0.0144332002615302,-0.0317051104342521,8,15
BruteForce,ttl,0.0375775890622636,0.0561414634141394,0.0185638743518758,9,6
BruteForce,std,0.0372981533387356,0.0108154509445054,-0.0264827023942302,10,21
BruteForce,header_len,0.0350917565037196,0.0215988111360666,-0.013492945367653001,11,10
BruteForce,var,0.0339565204021003,0.0067142315900577,-0.027242288812042603,12,26
BruteForce,tot_sum,0.0327877641706969,0.0131632716459557,-0.0196244925247412,13,17
BruteForce,psh,0.0322160940880131,0.082183299443787,0.0499672053557739,14,4
BruteForce,https,0.0282748016891398,0.050410475382441,0.0221356736933012,15,7
BruteForce,ack,0.0274612254645119,0.0214767711848021,-0.005984454279709801,16,11
BruteForce,min,0.0196851696917684,0.0182612728049005,-0.0014238968868678994,17,14
BruteForce,proto_num,0.0181743880318311,0.0322287070692549,0.014054319037423803,18,8
BruteForce,iat,0.0181131703888866,0.0068717889529184,-0.0112413814359682,19,25
BruteForce,fin,0.0160226549145959,0.0128929338834973,-0.0031297210310985996,20,19
BruteForce,syn_cnt,0.0159410680938483,0.013609060684622,-0.002332007409226299,21,16
BruteForce,syn,0.0154370213766194,0.0129702350844099,-0.0024667862922095,22,18
BruteForce,udp,0.0151484313073972,0.0042525870669782,-0.010895844240418999,23,33
BruteForce,tcp,0.0147184369856754,0.0127514603305407,-0.0019669766551347004,24,20
BruteForce,dns,0.0141910976459657,0.0205526337694783,0.0063615361235126,25,13
BruteForce,fin_cnt,0.0113594768988022,0.0060088121618517,-0.0053506647369504995,26,30
BruteForce,ipv,0.008980935827657,0.0065009541215198,-0.002479981706137199,27,27
BruteForce,rst_cnt,0.0087316595487933,0.0060586811014286,-0.0026729784473647003,28,29
BruteForce,llc,0.0086116264978445,0.0031848873844986,-0.0054267391133459,29,36
BruteForce,ece,0.0082133559130149,0.0076997856141471,-0.0005135702988678,30,23
BruteForce,rst,0.0067177269041109,0.0075098880273647,0.0007921611232538,31,24
BruteForce,telnet,0.0054781925570516,0.0060009523374528,0.0005227597804011996,32,31
BruteForce,cwr,0.0046952278234896,0.0046420842589965,-5.314356449310012e-05,33,32
BruteForce,arp,0.0043224290863745,0.0037998024721837,-0.0005226266141907998,34,35
BruteForce,icmp,0.0038894116749922,0.0023096023304806,-0.0015798093445116,35,38
BruteForce,http,0.0035995959011121,0.0078919807248265,0.0042923848237144,36,22
BruteForce,smtp,0.0032882252736871,0.0063342420042889,0.0030460167306018003,37,28
BruteForce,igmp,0.0031662299161378,0.0038672384590637,0.0007010085429258999,38,34
BruteForce,dhcp,0.0031636214280179,0.0030070860490952,-0.00015653537892269982,39,37
DDoS,proto_num,0.1341171056338204,0.1195418618624013,-0.014575243771419097,1,1
DDoS,tot_size,0.0955621606077022,0.0220156279634685,-0.0735465326442337,2,15
DDoS,ack_cnt,0.0544490637795998,0.0618236235897969,0.0073745598101971,4,3
DDoS,psh,0.0505771236779235,0.0534870965708701,0.0029099728929466023,5,4
DDoS,avg,0.0496278059824243,0.0207918899340501,-0.0288359160483742,6,17
DDoS,iat,0.0477913994265577,0.066671736124614,0.018880336698056298,7,2
DDoS,max,0.0428423855876388,0.0332275658818436,-0.009614819705795204,8,9
DDoS,min,0.032289636027394,0.015246628942748,-0.017043007084646,9,29
DDoS,syn_cnt,0.0315473588039387,0.0343853020784496,0.0028379432745109026,10,8
DDoS,rate,0.0308002171924074,0.0233449427377793,-0.0074552744546281,11,13
DDoS,ack,0.0263339673527745,0.0346996115536494,0.008365644200874902,12,7
DDoS,tot_sum,0.0239087603708306,0.026612788245184,0.0027040278743534,13,11
DDoS,fin_cnt,0.0228866476806433,0.0331614432239074,0.010274795543264097,14,10
DDoS,fin,0.0218777655393938,0.0383562318937922,0.016478466354398397,15,6
DDoS,https,0.0214764468160309,0.0174139820288935,-0.004062464787137399,16,26
DDoS,dns,0.0212558287587081,0.0083460721381397,-0.0129097566205684,17,37
DDoS,var,0.0197896263560287,0.014366621569689,-0.0054230047863397,18,33
DDoS,syn,0.0173802040740601,0.0198938380174994,0.0025136339434393,19,20
DDoS,ece,0.0155818745405326,0.0187144507284777,0.0031325761879450985,20,23
DDoS,rst,0.0152329695120416,0.016630628928384,0.0013976594163423988,21,27
DDoS,rst_cnt,0.0144131188570596,0.0388879517221991,0.024474832865139504,22,5
DDoS,ttl,0.0143467590197778,0.0114139986996282,-0.002932760320149599,23,34
DDoS,std,0.0140290431438685,0.0197287989012077,0.005699755757339201,24,21
DDoS,cwr,0.0124669642890731,0.0225901160174693,0.010123151728396201,25,14
DDoS,header_len,0.0117359954089337,0.0185128416096669,0.006776846200733199,26,24
DDoS,telnet,0.0115564422780578,0.0145557530677647,0.0029993107897068987,27,32
DDoS,tcp,0.0106901926780843,0.0203004751667702,0.0096102824886859,28,19
DDoS,ssh,0.0101139564513362,0.0113882941464219,0.0012743376950857012,29,35
DDoS,irc,0.008711658384467,0.0182376219378157,0.009525963553348699,30,25
DDoS,udp,0.0082771926523177,0.0212787189206756,0.0130015262683579,31,16
DDoS,smtp,0.0078019663129597,0.0090859765802159,0.0012840102672562002,32,36
DDoS,dhcp,0.0077874391375947,0.0191235908657311,0.011336151728136401,33,22
DDoS,http,0.0070366490854174,0.0058354666818211,-0.0012011824035963,34,38
DDoS,arp,0.0055501122449144,0.0147016336363125,0.0091515213913981,35,30
DDoS,igmp,0.0054763940981294,0.0206168470519037,0.015140452953774301,36,18
DDoS,icmp,0.0053005738843522,0.015781105969776,0.010480532085423799,37,28
DDoS,ipv,0.0038142714551828,0.0245601137784601,0.0207458423232773,38,12
DDoS,llc,0.0030923455269486,0.0146687512325207,0.011576405705572099,39,31
DoS,iat,0.1012976136816978,0.0806281747288273,-0.020669438952870503,1,3
DoS,tot_size,0.1010468834778236,0.0722989592934206,-0.028747924184403,2,4
DoS,avg,0.0802501074354309,0.070568543606859,-0.009681563828571896,3,5
DoS,max,0.0667852736550707,0.0955080721457964,0.028722798490725704,4,1
DoS,rate,0.0439352787442872,0.0501198313268891,0.0061845525826019,6,7
DoS,min,0.0366718665045337,0.0458635958346227,0.009191729330089,7,8
DoS,ack_cnt,0.0355381592357277,0.019149820657275,-0.0163883385784527,8,15
DoS,syn_cnt,0.0290475217727258,0.0243904611709212,-0.0046570606018046,9,12
DoS,proto_num,0.0281054674305345,0.0911947022037412,0.06308923477320669,10,2
DoS,rst_cnt,0.0276291476152065,0.0163232822437768,-0.011305865371429701,11,20
DoS,std,0.0272194127463517,0.0142973499723133,-0.012922062774038401,12,21
DoS,ack,0.0258176561512275,0.0131685561598068,-0.012649099991420701,13,23
DoS,psh,0.0242595365565671,0.0334505454037073,0.009191008847140202,14,9
DoS,var,0.023635719003548,0.0193833701385867,-0.0042523488649613,15,14
DoS,fin_cnt,0.0218422956386178,0.0187391740752131,-0.0031031215634046982,16,17
DoS,header_len,0.0214033427620485,0.0514220931143211,0.030018750352272604,17,6
DoS,tot_sum,0.0194926871318102,0.0165816830202692,-0.0029110041115410004,18,19
DoS,dns,0.0193914421940216,0.0117130846344722,-0.007678357559549398,19,25
DoS,rst,0.0184111580696621,0.0262136205270692,0.007802462457407101,20,11
DoS,ttl,0.0172930445459076,0.0319833612464152,0.014690316700507602,21,10
DoS,telnet,0.0172232069563983,0.0093939723888132,-0.007829234567585098,22,31
DoS,ece,0.0171793044669903,0.0190996430400233,0.0019203385730330001,23,16
DoS,fin,0.0170216483051069,0.0223676750684758,0.005346026763368903,24,13
DoS,cwr,0.0160649815610186,0.0121870090375331,-0.0038779725234854984,25,24
DoS,syn,0.0149739821603258,0.0141152676544927,-0.0008587145058330994,26,22
DoS,smtp,0.0128104413912487,0.0073241487182848,-0.005486292672963901,27,34
DoS,https,0.011849860320711,0.006849112783065,-0.005000747537646,28,37
DoS,udp,0.0101310738288547,0.0085910392106783,-0.0015400346181763998,29,32
DoS,http,0.0097321673472121,0.0094614764815585,-0.00027069086565359966,30,30
DoS,tcp,0.0077284304933088,0.0095663450552901,0.0018379145619812996,31,29
DoS,dhcp,0.0069268944598313,0.0072176089709849,0.00029071451115359956,32,35
DoS,ipv,0.0067364059630592,0.0167499753310157,0.010013569367956502,33,18
DoS,irc,0.0064424164799808,0.0081243881231273,0.0016819716431464996,34,33
DoS,ssh,0.0064397397250682,0.0104992557139904,0.004059515988922201,35,27
DoS,llc,0.0061006354492628,0.0104551074736304,0.004354472024367601,36,28
DoS,icmp,0.0060075165217731,0.0065392347994746,0.0005317182777015003,37,38
DoS,igmp,0.0055189317368864,0.0115011298037434,0.005982198066857,38,26
DoS,arp,0.0052940076596666,0.0069593288415133,0.0016653211818467,39,36
Mirai,proto_num,0.2177355172518587,0.0863208981515836,-0.13141461910027508,1,5
Mirai,tot_size,0.0915597244124629,0.2175737920531258,0.1260140676406629,2,1
Mirai,max,0.0632583639499928,0.2124252480521201,0.1491668841021273,3,2
Mirai,avg,0.0534049331908863,0.1051653063038172,0.05176037311293089,4,4
Mirai,ttl,0.0372672059366615,0.022268941830748,-0.014998264105913504,5,8
Mirai,min,0.036309240220952,0.1162550879169343,0.0799458476959823,6,3
Mirai,tot_sum,0.0361817420264195,0.0509039748519856,0.014722232825566096,7,6
Mirai,ack_cnt,0.025656133635794,0.0051383047610679,-0.0205178288747261,8,19
Mirai,var,0.0233810515727861,0.0109909539300392,-0.0123900976427469,9,11
Mirai,dns,0.0225152813050054,0.0082181743977838,-0.0142971069072216,10,13
Mirai,telnet,0.0205338200473201,0.0023551381964463,-0.0181786818508738,12,36
Mirai,rst_cnt,0.0192385805101892,0.0035180818454204,-0.015720498664768802,13,25
Mirai,rate,0.0191895774265512,0.0052205491727054,-0.0139690282538458,14,18
Mirai,iat,0.0187278971610512,0.0351136725350086,0.016385775373957398,15,7
Mirai,psh,0.0180790435728423,0.0054660038802759,-0.012613039692566401,16,17
Mirai,syn_cnt,0.0174469516978987,0.0027898387922815,-0.0146571129056172,17,32
Mirai,ack,0.0168581654448438,0.0026393706478964,-0.014218794796947399,18,33
Mirai,syn,0.0166224122783066,0.0036980556110101,-0.012924356667296499,19,24
Mirai,fin,0.0161866706091017,0.0059782530701131,-0.010208417538988601,20,16
Mirai,fin_cnt,0.0160977645246477,0.003272551508359,-0.012825213016288702,21,26
Mirai,rst,0.0157796255192819,0.0048667396532925,-0.0109128858659894,22,21
Mirai,std,0.015711480461029,0.0194087398587043,0.0036972593976753003,23,9
Mirai,cwr,0.0144932011177339,0.0028812607037828,-0.0116119404139511,24,29
Mirai,smtp,0.0135853034913956,0.0012627498784248,-0.012322553612970799,25,38
Mirai,https,0.0127777193317807,0.0082866093522598,-0.0044911099795209,26,12
Mirai,ece,0.0108741502267136,0.0028537609166987,-0.0080203893100149,27,31
Mirai,header_len,0.0106181452841265,0.0115710694175645,0.0009529241334379993,28,10
Mirai,ssh,0.0104305269132078,0.0023084449677229,-0.0081220819454849,29,37
Mirai,icmp,0.010215453656453,0.0028692637116697,-0.007346189944783301,30,30
Mirai,arp,0.0098165987597937,0.0030067131493705,-0.0068098856104232,31,28
Mirai,igmp,0.0096748061573939,0.0032608408666216,-0.006413965290772299,32,27
Mirai,http,0.0093897113244161,0.0024856067451934,-0.0069041045792227005,33,35
Mirai,irc,0.0092751912750725,0.0025939507110723,-0.0066812405640002005,34,34
Mirai,udp,0.008541338637827,0.0062696346275079,-0.0022717040103191,35,15
Mirai,llc,0.008390578364649,0.0044719222153703,-0.003918656149278699,36,23
Mirai,dhcp,0.0076669877684976,0.0047307373056661,-0.0029362504628315,37,22
Mirai,ipv,0.0073903721422977,0.0049047038302984,-0.0024856683119992996,38,20
Mirai,tcp,0.0068502000618051,0.0066550545800557,-0.0001951454817493998,39,14
Recon,syn_cnt,0.075066931227574,0.0695526693426398,-0.005514261884934202,1,4
Recon,rate,0.0610275081937773,0.0291874371204924,-0.031840071073284903,3,14
Recon,https,0.0599778926656423,0.043604098263095,-0.016373794402547305,4,8
Recon,ack_cnt,0.0577763093881894,0.0452671717994186,-0.0125091375887708,5,7
Recon,ttl,0.0451850215727793,0.1080016657048692,0.0628166441320899,6,1
Recon,syn,0.0450386414982408,0.0758051032893264,0.030766461791085595,7,3
Recon,max,0.0440870681772944,0.0339383360120105,-0.010148732165283898,8,12
Recon,fin,0.0429422651569878,0.0382883765852389,-0.0046538885717489,9,10
Recon,psh,0.0409008870724666,0.079002363433936,0.038101476361469405,10,2
Recon,header_len,0.0365416843970936,0.042885722096091,0.0063440376989973984,11,9
Recon,http,0.0332335097522309,0.0523389009586254,0.019105391206394505,12,6
Recon,rst_cnt,0.0324199227418453,0.0326988128404214,0.00027889009857610253,13,13
Recon,tot_size,0.0310622141195224,0.0158460498633262,-0.0152161642561962,14,21
Recon,ack,0.0294419088308531,0.0268713376400253,-0.002570571190827802,15,15
Recon,fin_cnt,0.0292116485578012,0.0257731543028198,-0.003438494254981401,16,16
Recon,proto_num,0.0271813110784084,0.0570757647773192,0.029894453698910802,17,5
Recon,tot_sum,0.0255828780689021,0.0182864912786453,-0.007296386790256799,18,19
Recon,std,0.0251908365779335,0.0100726175355679,-0.015118219042365601,19,23
Recon,avg,0.0242782391416016,0.0174200029201189,-0.006858236221482697,20,20
Recon,iat,0.0221809791803273,0.0072608654216154,-0.014920113758711901,21,27
Recon,dns,0.0196081060723975,0.0255161984870487,0.005908092414651199,22,17
Recon,var,0.0192006479541957,0.0071574339625873,-0.0120432139916084,23,28
Recon,rst,0.0190059261287415,0.0356816444193277,0.016675718290586204,24,11
Recon,min,0.0181415944094083,0.0215748773110001,0.0034332829015918005,25,18
Recon,udp,0.0086437943813105,0.0063939045443143,-0.0022498898369962004,26,30
Recon,tcp,0.0079517973026676,0.0050198169389677,-0.002931980363699899,27,31
Recon,telnet,0.0072727099687556,0.0097555114074328,0.002482801438677201,28,24
Recon,cwr,0.0060819849383748,0.0047704518066981,-0.0013115331316767,29,32
Recon,ece,0.0053213356204759,0.0066971117039535,0.0013757760834776003,30,29
Recon,llc,0.0053063627852363,0.0043539944841627,-0.0009523683010735995,31,33
Recon,ipv,0.0045121381494183,0.0040996691976293,-0.0004124689517890001,32,34
Recon,arp,0.0030711105905998,0.0031787043907769,0.00010759380017709994,33,36
Recon,dhcp,0.0030601430394686,0.0032758968854142,0.00021575384594559998,34,35
Recon,igmp,0.0028244309689871,0.0025692047200052,-0.0002552262489819001,35,37
Recon,smtp,0.0027757860622417,0.0078506355430375,0.0050748494807958,36,25
Recon,irc,0.0024625832492774,0.0074877785476924,0.005025195298415,37,26
Recon,icmp,0.0022783121350688,0.0025604587395744,0.0002821466045055997,38,38
Recon,ssh,0.0022693568566301,0.0128797657247728,0.0106104088681427,39,22
Spoofing,max,0.1384611504092761,0.2435988418584071,0.10513769144913102,1,1
Spoofing,ack_cnt,0.1031541891377611,0.0429601058245327,-0.060194083313228404,3,6
Spoofing,https,0.0640316444175692,0.0339512377328371,-0.0300804066847321,4,8
Spoofing,avg,0.0482139925740887,0.0424732356395288,-0.005740756934559894,5,7
Spoofing,ttl,0.0466069531792289,0.14410119585334,0.0974942426741111,6,2
Spoofing,min,0.0463503934495852,0.1255979309396475,0.0792475374900623,7,3
Spoofing,dns,0.0351564934849405,0.0143995835111424,-0.0207569099737981,8,14
Spoofing,tot_size,0.0347061279225181,0.0249128311725671,-0.009793296749951,9,9
Spoofing,proto_num,0.0327273202140375,0.0534764308327088,0.020749110618671303,10,4
Spoofing,psh,0.0297986410648997,0.051826429915336,0.0220277888504363,11,5
Spoofing,ack,0.0276785781631945,0.0161858885642191,-0.011492689598975397,12,13
Spoofing,iat,0.0275606087611302,0.0140989868486904,-0.0134616219124398,13,15
Spoofing,var,0.0273102119626408,0.0093963425034938,-0.017913869459147,14,18
Spoofing,rate,0.0272486165589978,0.0197054223616718,-0.007543194197325999,15,11
Spoofing,std,0.0237027600933411,0.0132457967053808,-0.010456963387960299,16,16
Spoofing,header_len,0.0221196058913857,0.020423698822067,-0.0016959070693187,17,10
Spoofing,tot_sum,0.0160800978088336,0.018873446625278,0.0027933488164444027,18,12
Spoofing,syn_cnt,0.0085134439017647,0.009010102329644,0.0004966584278793002,19,19
Spoofing,udp,0.007593501316476,0.005808837256406,-0.0017846640600700002,20,23
Spoofing,rst,0.0073802674554406,0.0051851313968848,-0.0021951360585558003,21,24
Spoofing,tcp,0.0073666840507991,0.0068520908718003,-0.0005145931789988,22,22
Spoofing,rst_cnt,0.0066312206852166,0.0085588393149247,0.0019276186297080998,23,20
Spoofing,ece,0.006164388984011,0.0048111494908966,-0.0013532394931144,24,26
Spoofing,http,0.0060568879329382,0.0131174049965059,0.007060517063567699,25,17
Spoofing,telnet,0.0060167477046299,0.0034434594570732,-0.0025732882475567,26,35
Spoofing,fin,0.0059997294857936,0.0084562261222467,0.0024564966364530993,27,21
Spoofing,syn,0.005823613791293,0.0051580051204449,-0.0006656086708481,28,25
Spoofing,fin_cnt,0.0053779763313608,0.0040379812313611,-0.0013399950999997004,29,30
Spoofing,llc,0.0051119058545119,0.0024779693867744,-0.0026339364677375006,30,37
Spoofing,cwr,0.0050819482002676,0.0033684827324015,-0.0017134654678660995,31,36
Spoofing,ipv,0.0048449786020016,0.0044611267744839,-0.00038385182751770035,32,28
Spoofing,smtp,0.0042057073796336,0.002409736763789,-0.0017959706158446002,33,38
Spoofing,ssh,0.0041499275848738,0.0038971489552373,-0.0002527786296365,34,31
Spoofing,dhcp,0.0035225334152093,0.003776639127603,0.0002541057123936997,35,32
Spoofing,arp,0.0031030192876558,0.0040755368381536,0.0009725175504977997,36,29
Spoofing,irc,0.0029524087576108,0.0036399023014451,0.0006874935438343,37,33
Spoofing,icmp,0.0029158540308982,0.0035422671527378,0.0006264131218395998,38,34
Spoofing,igmp,0.0025514957723593,0.0046845566683359,0.0021330608959765998,39,27
Web,rate,0.1314029395101138,0.0914783837499003,-0.039924555760213504,1,3
Web,ack_cnt,0.0726607656812869,0.0550519430846568,-0.017608822596630103,3,7
Web,psh,0.0680621411401681,0.0993323029438712,0.031270161803703095,4,2
Web,max,0.0572750594756355,0.0652592016751891,0.007984142199553602,5,5
Web,ttl,0.0535651696939812,0.1096650980636231,0.056099928369641894,6,1
Web,header_len,0.0503766238417554,0.0563872947464024,0.006010670904647006,7,6
Web,avg,0.0488762599949669,0.0343971713975642,-0.014479088597402698,8,12
Web,tot_size,0.0462798166167988,0.0268037211331501,-0.0194760954836487,9,14
Web,ack,0.0414343982730553,0.0358317731966975,-0.005602625076357795,10,10
Web,proto_num,0.0389908730094446,0.0526535089885709,0.0136626359791263,11,8
Web,https,0.0315214235827354,0.0665536795742263,0.035032255991490895,12,4
Web,std,0.0311545104990041,0.0104210468988743,-0.0207334636001298,13,20
Web,tot_sum,0.021546416387842,0.0208408426150705,-0.0007055737727715006,14,15
Web,dns,0.0214157056144927,0.0289351475155433,0.0075194419010506,15,13
Web,iat,0.0213299458856503,0.0119437382197939,-0.009386207665856398,16,18
Web,min,0.0184596599530925,0.0397009981640468,0.021241338210954298,17,9
Web,var,0.0184408024911564,0.0084707917862923,-0.009970010704864099,18,23
Web,fin,0.0173482837936672,0.0162271863995561,-0.0011210973941110994,19,16
Web,http,0.0145962933123955,0.0356398723200267,0.0210435790076312,20,11
Web,syn_cnt,0.0127769175585238,0.0132390421454262,0.00046212458690239946,21,17
Web,syn,0.0101122059488365,0.0061434898590183,-0.0039687160898181995,22,30
Web,tcp,0.008972544077768,0.0091586835746055,0.00018613949683750006,23,22
Web,ece,0.0076998734224361,0.0083433682510842,0.0006434948286481003,24,24
Web,udp,0.0068498051392001,0.0058079081642602,-0.0010418969749399001,25,32
Web,fin_cnt,0.0068393454399063,0.0079506161401766,0.0011112707002703002,26,26
Web,ipv,0.0060518146731702,0.0065400910210817,0.0004882763479115001,27,28
Web,rst,0.0059903357807133,0.0067939758948676,0.0008036401141543002,28,27
Web,icmp,0.0059488679698447,0.007968233827035,0.002019365857190299,29,25
Web,rst_cnt,0.0057417675976144,0.011250535934747,0.0055087683371325994,30,19
Web,llc,0.0052573386714052,0.0055753136997071,0.00031797502830189974,31,33
Web,arp,0.0051163591743931,0.0063673717243927,0.0012510125499995998,32,29
Web,telnet,0.0047255393039116,0.0097679737621967,0.005042434458285101,33,21
Web,cwr,0.0045810614365699,0.0043233242233636,-0.0002577372132062999,34,37
Web,igmp,0.0042091627388948,0.0052965752164001,0.0010874124775052995,35,35
Web,smtp,0.0040418851854923,0.0039672723068488,-7.461287864349991e-05,36,38
Web,irc,0.0037332893829739,0.0054176048453993,0.0016843154624254005,37,34
Web,ssh,0.0037007868434572,0.0060212654263154,0.0023204785828582,38,31
Web,dhcp,0.0032418144967346,0.0044736515100163,0.0012318370132817003,39,36
