class,feature,abs_mean,rank
Benign,https,0.856616,1
Benign,ttl,0.714414,2
Benign,rate,0.561301,3
Benign,dns,0.435417,4
Benign,max,0.379418,5
Benign,psh,0.266088,6
Benign,proto_num,0.241665,7
Benign,ack,0.212799,8
Benign,tot_size,0.144116,9
Benign,ack_cnt,0.143356,10
Benign,header_len,0.14001,11
Benign,min,0.139198,12
Benign,avg,0.124472,13
Benign,iat,0.099013,14
Benign,syn_cnt,0.098867,15
Benign,fin,0.094554,16
Benign,std,0.092898,17
Benign,tot_sum,0.073222,18
Benign,var,0.067454,19
Benign,syn,0.062418,20
Benign,cwr,0.059288,21
Benign,fin_cnt,0.056616,22
Benign,ece,0.05523,23
Benign,num,0.05391,24
Benign,rst,0.049301,25
Benign,rst_cnt,0.048452,26
Benign,telnet,0.045991,27
Benign,udp,0.042644,28
Benign,arp,0.036939,29
Benign,smtp,0.036249,30
Benign,ssh,0.034916,31
Benign,irc,0.033873,32
Benign,ipv,0.031974,33
Benign,tcp,0.03096,34
Benign,icmp,0.030771,35
Benign,dhcp,0.029664,36
Benign,igmp,0.029614,37
Benign,llc,0.02924,38
Benign,http,0.026927,39
BruteForce,ssh,1.53914,1
BruteForce,max,0.81488,2
BruteForce,irc,0.574763,3
BruteForce,min,0.558789,4
BruteForce,rate,0.309419,5
BruteForce,psh,0.306894,6
BruteForce,avg,0.300641,7
BruteForce,https,0.246214,8
BruteForce,ack_cnt,0.220326,9
BruteForce,syn,0.21719,10
BruteForce,ttl,0.194644,11
BruteForce,rst,0.184732,12
BruteForce,dns,0.174291,13
BruteForce,num,0.171232,14
BruteForce,std,0.167797,15
BruteForce,header_len,0.164922,16
BruteForce,proto_num,0.160806,17
BruteForce,ack,0.158631,18
BruteForce,tot_size,0.149121,19
BruteForce,iat,0.135688,20
BruteForce,syn_cnt,0.129233,21
BruteForce,telnet,0.103457,22
BruteForce,http,0.097313,23
BruteForce,tot_sum,0.092574,24
BruteForce,fin,0.079806,25
BruteForce,fin_cnt,0.076555,26
BruteForce,var,0.073543,27
BruteForce,rst_cnt,0.07251,28
BruteForce,cwr,0.070938,29
BruteForce,ece,0.062693,30
BruteForce,udp,0.061106,31
BruteForce,smtp,0.058175,32
BruteForce,ipv,0.056134,33
BruteForce,icmp,0.054685,34
BruteForce,igmp,0.051782,35
BruteForce,llc,0.050815,36
BruteForce,dhcp,0.049687,37
BruteForce,arp,0.043643,38
BruteForce,tcp,0.042745,39
DDoS,proto_num,0.66642,1
DDoS,num,0.629761,2
DDoS,psh,0.498817,3
DDoS,fin,0.39432,4
DDoS,ack,0.238883,5
DDoS,syn_cnt,0.181639,6
DDoS,var,0.180072,7
DDoS,iat,0.179429,8
DDoS,syn,0.094272,9
DDoS,max,0.08927,10
DDoS,tot_size,0.085994,11
DDoS,avg,0.071928,12
DDoS,ack_cnt,0.071538,13
DDoS,rate,0.060531,14
DDoS,ttl,0.0523,15
DDoS,fin_cnt,0.048048,16
DDoS,rst_cnt,0.042266,17
DDoS,std,0.041151,18
DDoS,min,0.037449,19
DDoS,http,0.034259,20
DDoS,llc,0.033858,21
DDoS,rst,0.02927,22
DDoS,ipv,0.028719,23
DDoS,cwr,0.027894,24
DDoS,header_len,0.02596,25
DDoS,telnet,0.025588,26
DDoS,tot_sum,0.02356,27
DDoS,icmp,0.023479,28
DDoS,ece,0.022155,29
DDoS,smtp,0.020884,30
DDoS,dns,0.019145,31
DDoS,https,0.019022,32
DDoS,igmp,0.018962,33
DDoS,udp,0.01858,34
DDoS,tcp,0.017576,35
DDoS,arp,0.01382,36
DDoS,ssh,0.012395,37
DDoS,irc,0.010972,38
DDoS,dhcp,0.009006,39
DoS,num,1.849934,1
DoS,var,0.364159,2
DoS,iat,0.222789,3
DoS,proto_num,0.172036,4
DoS,ttl,0.135101,5
DoS,tot_size,0.117399,6
DoS,max,0.112539,7
DoS,psh,0.096825,8
DoS,min,0.091695,9
DoS,avg,0.082469,10
DoS,ack_cnt,0.069679,11
DoS,std,0.063788,12
DoS,rate,0.061499,13
DoS,header_len,0.052361,14
DoS,tot_sum,0.051031,15
DoS,syn_cnt,0.049977,16
DoS,fin,0.048469,17
DoS,rst,0.045414,18
DoS,fin_cnt,0.043872,19
DoS,ipv,0.037757,20
DoS,igmp,0.02807,21
DoS,cwr,0.02769,22
DoS,syn,0.027634,23
DoS,llc,0.027075,24
DoS,udp,0.026062,25
DoS,ack,0.025066,26
DoS,rst_cnt,0.023839,27
DoS,tcp,0.021441,28
DoS,icmp,0.021242,29
DoS,ece,0.020396,30
DoS,dhcp,0.020031,31
DoS,https,0.019816,32
DoS,dns,0.017922,33
DoS,arp,0.016586,34
DoS,http,0.01583,35
DoS,telnet,0.015593,36
DoS,ssh,0.014125,37
DoS,smtp,0.013783,38
DoS,irc,0.013731,39
Mirai,num,0.707487,1
Mirai,proto_num,0.35191,2
Mirai,max,0.243676,3
Mirai,avg,0.191978,4
Mirai,var,0.189077,5
Mirai,min,0.092654,6
Mirai,tot_size,0.079794,7
Mirai,iat,0.067432,8
Mirai,tot_sum,0.045117,9
Mirai,std,0.038754,10
Mirai,ttl,0.031846,11
Mirai,psh,0.027543,12
Mirai,rate,0.026433,13
Mirai,header_len,0.022921,14
Mirai,fin,0.021223,15
Mirai,ack_cnt,0.017647,16
Mirai,cwr,0.017296,17
Mirai,syn,0.016891,18
Mirai,syn_cnt,0.016682,19
Mirai,ack,0.016386,20
Mirai,fin_cnt,0.013773,21
Mirai,llc,0.013125,22
Mirai,ipv,0.012435,23
Mirai,ece,0.012286,24
Mirai,rst,0.011212,25
Mirai,igmp,0.010876,26
Mirai,rst_cnt,0.010623,27
Mirai,dns,0.010536,28
Mirai,dhcp,0.009818,29
Mirai,udp,0.009248,30
Mirai,icmp,0.008934,31
Mirai,arp,0.007763,32
Mirai,telnet,0.007693,33
Mirai,ssh,0.006769,34
Mirai,smtp,0.006365,35
Mirai,irc,0.006277,36
Mirai,https,0.005964,37
Mirai,tcp,0.005837,38
Mirai,http,0.005472,39
Recon,max,0.371331,1
Recon,min,0.301591,2
Recon,syn,0.285196,3
Recon,avg,0.23347,4
Recon,ack_cnt,0.227698,5
Recon,https,0.204067,6
Recon,psh,0.191309,7
Recon,rst,0.188012,8
Recon,num,0.186848,9
Recon,rate,0.183829,10
Recon,fin,0.177873,11
Recon,dns,0.16415,12
Recon,tot_size,0.156827,13
Recon,ttl,0.156117,14
Recon,syn_cnt,0.153265,15
Recon,std,0.135857,16
Recon,iat,0.135408,17
Recon,ack,0.133789,18
Recon,http,0.128998,19
Recon,proto_num,0.118054,20
Recon,header_len,0.11594,21
Recon,fin_cnt,0.115279,22
Recon,tot_sum,0.092075,23
Recon,var,0.073881,24
Recon,rst_cnt,0.063525,25
Recon,telnet,0.05072,26
Recon,ece,0.050166,27
Recon,cwr,0.045661,28
Recon,ipv,0.043051,29
Recon,igmp,0.037499,30
Recon,dhcp,0.035502,31
Recon,icmp,0.035085,32
Recon,smtp,0.034912,33
Recon,llc,0.034897,34
Recon,udp,0.033272,35
Recon,irc,0.032337,36
Recon,ssh,0.031929,37
Recon,arp,0.030996,38
Recon,tcp,0.029475,39
Spoofing,max,1.76122,1
Spoofing,min,1.647517,2
Spoofing,https,0.602936,3
Spoofing,ttl,0.382043,4
Spoofing,proto_num,0.281633,5
Spoofing,iat,0.191411,6
Spoofing,avg,0.185819,7
Spoofing,num,0.175278,8
Spoofing,psh,0.164084,9
Spoofing,tot_size,0.123683,10
Spoofing,rate,0.110596,11
Spoofing,std,0.104281,12
Spoofing,ack,0.103513,13
Spoofing,dns,0.093551,14
Spoofing,tot_sum,0.089387,15
Spoofing,header_len,0.077679,16
Spoofing,var,0.068107,17
Spoofing,ack_cnt,0.066225,18
Spoofing,fin,0.058004,19
Spoofing,ece,0.052101,20
Spoofing,cwr,0.049634,21
Spoofing,syn_cnt,0.044632,22
Spoofing,llc,0.036227,23
Spoofing,rst,0.034289,24
Spoofing,syn,0.033964,25
Spoofing,fin_cnt,0.030872,26
Spoofing,rst_cnt,0.030069,27
Spoofing,igmp,0.026637,28
Spoofing,udp,0.024077,29
Spoofing,icmp,0.0232,30
Spoofing,tcp,0.020293,31
Spoofing,ssh,0.020284,32
Spoofing,telnet,0.02022,33
Spoofing,dhcp,0.019999,34
Spoofing,ipv,0.019611,35
Spoofing,smtp,0.019295,36
Spoofing,arp,0.018862,37
Spoofing,irc,0.018457,38
Spoofing,http,0.0126,39
Web,max,0.781227,1
Web,rate,0.396997,2
Web,avg,0.336512,3
Web,tot_size,0.328431,4
Web,psh,0.289642,5
Web,dns,0.286843,6
Web,https,0.274197,7
Web,ttl,0.266855,8
Web,ack_cnt,0.243552,9
Web,ack,0.232077,10
Web,min,0.227649,11
Web,proto_num,0.193622,12
Web,std,0.190016,13
Web,iat,0.150253,14
Web,header_len,0.136308,15
Web,http,0.128503,16
Web,syn_cnt,0.12507,17
Web,tot_sum,0.124593,18
Web,fin,0.114926,19
Web,num,0.104598,20
Web,var,0.102595,21
Web,telnet,0.085406,22
Web,rst_cnt,0.083496,23
Web,fin_cnt,0.082528,24
Web,cwr,0.080372,25
Web,udp,0.077148,26
Web,irc,0.063344,27
Web,llc,0.063052,28
Web,icmp,0.060745,29
Web,ssh,0.05937,30
Web,ece,0.057704,31
Web,ipv,0.055874,32
Web,arp,0.05573,33
Web,dhcp,0.05526,34
Web,rst,0.054526,35
Web,smtp,0.054471,36
Web,igmp,0.054378,37
Web,syn,0.0503,38
Web,tcp,0.04455,39
