class,eps,spearman,jaccard5,pred_preserved
Benign,0.01,0.5281376518218623,0.1111111111111111,True
Benign,0.05,0.524493927125506,0.25,False
Benign,0.1,0.4657894736842106,0.25,False
Benign,0.01,0.5726720647773279,0.6666666666666666,False
Benign,0.05,0.4663967611336033,0.25,False
Benign,0.1,0.4663967611336033,0.25,False
Benign,0.01,0.4572874493927126,0.25,False
Benign,0.05,0.2819838056680162,0.25,True
Benign,0.1,0.4058704453441296,0.42857142857142855,True
Benign,0.01,0.4902834008097166,0.25,True
Benign,0.05,0.4394736842105263,0.42857142857142855,False
Benign,0.1,0.5825910931174089,0.1111111111111111,False
Benign,0.01,0.41032388663967617,0.42857142857142855,False
Benign,0.05,0.2194331983805668,0.25,False
Benign,0.1,0.2777327935222672,0.25,False
Benign,0.01,0.39008097165991906,0.25,False
Benign,0.05,0.6283400809716599,0.25,False
Benign,0.1,0.5149797570850203,0.1111111111111111,False
Benign,0.01,0.321255060728745,0.1111111111111111,False
Benign,0.05,0.4961538461538462,0.1111111111111111,True
Benign,0.1,0.4649797570850203,0.25,False
Benign,0.01,0.6603238866396762,0.1111111111111111,False
Benign,0.05,0.4959514170040486,0.1111111111111111,False
Benign,0.1,0.6734817813765184,0.25,False
Benign,0.01,0.5425101214574899,0.25,False
Benign,0.05,0.3645748987854251,0.42857142857142855,False
Benign,0.1,0.24939271255060727,0.1111111111111111,False
Benign,0.01,0.5224696356275305,0.42857142857142855,False
Benign,0.05,0.5188259109311741,0.25,False
Benign,0.1,0.6552631578947369,0.25,False
Benign,0.01,0.5732793522267208,0.25,False
Benign,0.05,0.608906882591093,0.25,False
Benign,0.1,0.611336032388664,0.25,False
Benign,0.01,0.6174089068825911,0.1111111111111111,True
Benign,0.05,0.6417004048582997,0.42857142857142855,False
Benign,0.1,0.7530364372469637,0.1111111111111111,True
Benign,0.01,0.18623481781376522,0.1111111111111111,False
Benign,0.05,0.5087044534412954,0.1111111111111111,False
Benign,0.1,0.4234817813765182,0.25,True
Benign,0.01,0.4400809716599191,0.42857142857142855,False
Benign,0.05,0.3619433198380567,0.25,False
Benign,0.1,0.6216599190283402,0.25,False
Benign,0.01,0.4953441295546559,0.42857142857142855,True
Benign,0.05,0.25809716599190285,0.25,True
Benign,0.1,0.26943319838056684,0.42857142857142855,True
Benign,0.01,0.5906882591093118,0.42857142857142855,False
Benign,0.05,0.626923076923077,0.42857142857142855,False
Benign,0.1,0.5036437246963563,0.25,False
Benign,0.01,0.5157894736842106,0.25,False
Benign,0.05,0.32834008097165995,0.25,True
Benign,0.1,0.48947368421052634,0.25,False
Benign,0.01,0.4352226720647774,0.42857142857142855,False
Benign,0.05,0.48663967611336034,0.25,False
Benign,0.1,0.3997975708502025,0.25,True
Benign,0.01,0.5034412955465587,0.42857142857142855,True
Benign,0.05,0.6275303643724698,0.42857142857142855,False
Benign,0.1,0.45890688259109313,0.25,False
Benign,0.01,0.43036437246963566,0.25,False
Benign,0.05,0.5030364372469636,0.25,True
Benign,0.1,0.597165991902834,0.42857142857142855,False
Benign,0.01,0.415587044534413,0.25,False
Benign,0.05,0.5645748987854252,0.42857142857142855,False
Benign,0.1,0.524493927125506,0.25,False
Benign,0.01,0.3993927125506073,0.42857142857142855,True
Benign,0.05,0.4564777327935223,0.1111111111111111,False
Benign,0.1,0.5534412955465587,0.25,True
Benign,0.01,0.37267206477732795,0.25,False
Benign,0.05,0.6163967611336032,0.1111111111111111,False
Benign,0.1,0.40161943319838056,0.25,False
Benign,0.01,0.4295546558704454,0.42857142857142855,False
Benign,0.05,0.5271255060728746,0.1111111111111111,True
Benign,0.1,0.6006072874493928,0.25,True
Benign,0.01,0.4647773279352227,0.25,False
Benign,0.05,0.36295546558704456,0.25,False
Benign,0.1,0.5921052631578948,0.25,False
Benign,0.01,0.45951417004048584,0.25,False
Benign,0.05,0.28036437246963564,0.25,False
Benign,0.1,0.33987854251012145,0.25,True
Benign,0.01,0.49898785425101216,0.42857142857142855,False
Benign,0.05,0.26842105263157895,0.25,True
Benign,0.1,0.5240890688259109,0.25,True
Benign,0.01,0.6161943319838057,0.25,False
Benign,0.05,0.5066801619433199,0.25,False
Benign,0.1,0.5135627530364373,0.25,True
Benign,0.01,0.5082995951417005,0.25,True
Benign,0.05,0.6746963562753037,0.42857142857142855,True
Benign,0.1,0.3680161943319838,0.25,False
Benign,0.01,0.30951417004048587,0.42857142857142855,True
Benign,0.05,0.26275303643724696,0.1111111111111111,False
Benign,0.1,0.467004048582996,0.1111111111111111,True
Benign,0.01,0.5558704453441295,0.25,False
Benign,0.05,0.6392712550607287,0.42857142857142855,True
Benign,0.1,0.45263157894736844,0.25,True
Benign,0.01,0.5200404858299595,0.6666666666666666,True
Benign,0.05,0.5220647773279352,0.42857142857142855,True
Benign,0.1,0.5257085020242915,0.42857142857142855,True
Benign,0.01,0.4297570850202429,0.1111111111111111,False
Benign,0.05,0.6591093117408907,0.25,False
Benign,0.1,0.5742914979757084,0.25,False
Benign,0.01,0.30080971659919026,0.25,True
Benign,0.05,0.40890688259109315,0.42857142857142855,True
Benign,0.1,0.5350202429149798,0.6666666666666666,False
Benign,0.01,0.48805668016194337,0.25,False
Benign,0.05,0.5208502024291498,0.25,False
Benign,0.1,0.35161943319838057,0.25,False
Benign,0.01,0.5475708502024291,0.1111111111111111,False
Benign,0.05,0.7558704453441296,0.25,False
Benign,0.1,0.7052631578947368,0.25,True
Benign,0.01,0.47834008097166,0.25,False
Benign,0.05,0.5437246963562753,0.42857142857142855,True
Benign,0.1,0.5153846153846154,0.25,True
Benign,0.01,0.35182186234817814,0.25,False
Benign,0.05,0.27145748987854257,0.25,False
Benign,0.1,0.6336032388663968,0.25,False
Benign,0.01,0.3536437246963563,0.25,True
Benign,0.05,0.4111336032388664,0.42857142857142855,False
Benign,0.1,0.49453441295546563,0.25,True
Benign,0.01,0.402834008097166,0.25,False
Benign,0.05,0.5455465587044535,0.42857142857142855,False
Benign,0.1,0.4858299595141701,0.25,False
Benign,0.01,0.4058704453441296,0.1111111111111111,False
Benign,0.05,0.4593117408906883,0.25,False
Benign,0.1,0.2040485829959514,0.1111111111111111,False
Benign,0.01,0.5886639676113361,0.42857142857142855,False
Benign,0.05,0.48724696356275304,0.6666666666666666,True
Benign,0.1,0.602834008097166,0.25,True
Benign,0.01,0.5831983805668016,0.42857142857142855,False
Benign,0.05,0.6601214574898786,0.1111111111111111,False
Benign,0.1,0.559919028340081,0.1111111111111111,False
Benign,0.01,0.42834008097165993,0.25,False
Benign,0.05,0.34230769230769237,0.25,False
Benign,0.1,0.18542510121457492,0.25,False
Benign,0.01,0.7222672064777329,0.1111111111111111,True
Benign,0.05,0.5050607287449392,0.25,True
Benign,0.1,0.4653846153846154,0.42857142857142855,False
Benign,0.01,0.3447368421052632,0.25,False
Benign,0.05,0.6226720647773281,0.1111111111111111,False
Benign,0.1,0.38744939271255063,0.1111111111111111,False
Benign,0.01,0.44777327935222677,0.1111111111111111,False
Benign,0.05,0.6552631578947369,0.25,False
Benign,0.1,0.46356275303643724,0.25,False
Benign,0.01,0.5172064777327935,0.25,False
Benign,0.05,0.3101214574898785,0.25,False
Benign,0.1,0.5437246963562753,0.1111111111111111,False
Benign,0.01,0.43684210526315786,0.1111111111111111,True
Benign,0.05,0.32085020242914986,0.25,False
Benign,0.1,0.4736842105263158,0.25,False
Benign,0.01,0.1918113267297824,0.25,False
Benign,0.05,0.28285078530763696,0.1111111111111111,False
Benign,0.1,0.27278708471597024,0.25,False
Benign,0.01,0.3836032388663968,0.1111111111111111,True
Benign,0.05,0.5123481781376519,0.42857142857142855,False
Benign,0.1,0.30809716599190284,0.1111111111111111,False
Benign,0.01,0.6742914979757085,0.42857142857142855,False
Benign,0.05,0.5935222672064777,0.1111111111111111,False
Benign,0.1,0.5724696356275304,0.42857142857142855,False
Benign,0.01,0.5062753036437248,0.25,False
Benign,0.05,0.41174089068825914,0.25,True
Benign,0.1,0.5746963562753037,0.42857142857142855,True
Benign,0.01,0.34574898785425107,0.1111111111111111,False
Benign,0.05,0.4917004048582996,0.1111111111111111,True
Benign,0.1,0.507085020242915,0.42857142857142855,True
Benign,0.01,0.4064777327935223,0.25,False
Benign,0.05,0.24271255060728744,0.42857142857142855,False
Benign,0.1,0.32611336032388666,0.42857142857142855,True
Benign,0.01,0.5860323886639677,0.25,True
Benign,0.05,0.408502024291498,0.25,True
Benign,0.1,0.6105263157894738,0.25,True
Benign,0.01,0.7639676113360324,0.42857142857142855,False
Benign,0.05,0.4870445344129555,0.25,False
Benign,0.1,0.607085020242915,0.42857142857142855,False
Benign,0.01,0.5285425101214575,0.25,False
Benign,0.05,0.5937246963562753,0.42857142857142855,False
Benign,0.1,0.44635627530364375,0.42857142857142855,True
Benign,0.01,0.47813765182186235,0.1111111111111111,False
Benign,0.05,0.49817813765182184,0.25,False
Benign,0.1,0.519838056680162,0.25,False
Benign,0.01,0.45951417004048584,0.25,True
Benign,0.05,0.34757085020242917,0.25,False
Benign,0.1,0.5973684210526315,0.42857142857142855,False
BruteForce,0.01,0.5060728744939271,0.0,False
BruteForce,0.05,0.49251012145748996,0.1111111111111111,False
BruteForce,0.1,0.4437246963562753,0.1111111111111111,False
BruteForce,0.01,0.3356275303643725,0.0,False
BruteForce,0.05,0.27024291497975705,0.1111111111111111,False
BruteForce,0.1,0.23987854251012147,0.0,False
BruteForce,0.01,0.39068825910931176,0.1111111111111111,False
BruteForce,0.05,0.28886639676113357,0.0,False
BruteForce,0.1,0.2676113360323887,0.1111111111111111,False
BruteForce,0.01,0.13897464464379486,0.0,False
BruteForce,0.05,0.3918214489556664,0.25,False
BruteForce,0.1,0.37044534412955465,0.1111111111111111,False
BruteForce,0.01,0.4447368421052632,0.25,False
BruteForce,0.05,0.602834008097166,0.25,False
BruteForce,0.1,0.3738866396761134,0.25,False
BruteForce,0.01,0.5228744939271255,0.1111111111111111,False
BruteForce,0.05,0.6159919028340082,0.42857142857142855,False
BruteForce,0.1,0.39676113360323884,0.25,False
BruteForce,0.01,0.5093117408906882,0.1111111111111111,False
BruteForce,0.05,0.4607287449392713,0.1111111111111111,False
BruteForce,0.1,0.4390688259109312,0.42857142857142855,False
BruteForce,0.01,0.5659919028340081,0.6666666666666666,False
BruteForce,0.05,0.5388663967611337,0.25,False
BruteForce,0.1,0.6137651821862348,0.6666666666666666,False
BruteForce,0.01,0.4439495931592748,0.42857142857142855,False
BruteForce,0.05,0.3578947368421053,0.25,False
BruteForce,0.1,0.5461538461538462,0.25,False
BruteForce,0.01,0.6775303643724696,0.42857142857142855,False
BruteForce,0.05,0.5508097165991904,0.6666666666666666,False
BruteForce,0.1,0.6390688259109313,0.25,False
BruteForce,0.01,0.25182186234817816,0.25,False
BruteForce,0.05,0.4354251012145749,0.25,False
BruteForce,0.1,0.3722672064777328,0.25,False
BruteForce,0.01,0.6694331983805668,0.25,False
BruteForce,0.05,0.34089068825910934,0.25,False
BruteForce,0.1,0.5186234817813766,0.1111111111111111,False
BruteForce,0.01,0.4663967611336033,0.25,False
BruteForce,0.05,0.42692307692307696,0.0,False
BruteForce,0.1,0.49979757085020243,0.42857142857142855,False
BruteForce,0.01,0.3587044534412956,0.42857142857142855,False
BruteForce,0.05,0.32712550607287455,0.42857142857142855,False
BruteForce,0.1,0.029757085020242918,0.25,False
BruteForce,0.01,0.06862348178137652,0.1111111111111111,False
BruteForce,0.05,0.3390688259109312,0.25,False
BruteForce,0.1,0.26396761133603236,0.42857142857142855,False
BruteForce,0.01,0.452834008097166,0.1111111111111111,False
BruteForce,0.05,0.4965587044534413,0.25,False
BruteForce,0.1,0.6627530364372469,0.25,False
BruteForce,0.01,0.4297570850202429,0.25,False
BruteForce,0.05,0.3546558704453441,0.25,False
BruteForce,0.1,0.48097165991902835,0.25,False
BruteForce,0.01,0.7034412955465588,0.42857142857142855,False
BruteForce,0.05,0.5135627530364373,0.42857142857142855,False
BruteForce,0.1,0.6208502024291498,0.25,True
BruteForce,0.01,0.4402834008097166,0.1111111111111111,False
BruteForce,0.05,0.5398785425101215,0.25,False
BruteForce,0.1,0.6710526315789473,0.1111111111111111,False
BruteForce,0.01,0.4467611336032389,0.0,False
BruteForce,0.05,0.6558704453441295,0.1111111111111111,False
BruteForce,0.1,0.49898785425101216,0.1111111111111111,False
BruteForce,0.01,0.22125506072874493,0.25,False
BruteForce,0.05,0.28906882591093114,0.25,False
BruteForce,0.1,0.15323886639676113,0.1111111111111111,False
BruteForce,0.01,0.6546558704453441,0.42857142857142855,False
BruteForce,0.05,0.4653846153846154,0.1111111111111111,False
BruteForce,0.1,0.4506072874493927,0.1111111111111111,False
BruteForce,0.01,0.6524291497975708,0.25,False
BruteForce,0.05,0.6854251012145749,0.25,False
BruteForce,0.1,0.475506072874494,0.25,False
BruteForce,0.01,0.5145748987854251,0.0,False
BruteForce,0.05,0.34939271255060733,0.25,False
BruteForce,0.1,0.5941295546558704,0.25,False
BruteForce,0.01,0.4593117408906883,0.1111111111111111,False
BruteForce,0.05,0.3202429149797571,0.25,False
BruteForce,0.1,0.28906882591093114,0.25,False
BruteForce,0.01,0.22955465587044535,0.25,False
BruteForce,0.05,0.3386639676113361,0.25,False
BruteForce,0.1,0.3993927125506073,0.25,False
BruteForce,0.01,0.4334008097165992,0.1111111111111111,False
BruteForce,0.05,0.4767206477732794,0.1111111111111111,False
BruteForce,0.1,0.6516194331983806,0.25,False
BruteForce,0.01,0.45769230769230773,0.25,False
BruteForce,0.05,0.5396761133603238,0.25,False
BruteForce,0.1,0.504251012145749,0.25,False
BruteForce,0.01,0.44230769230769235,0.25,False
BruteForce,0.05,0.43097165991902836,0.0,False
BruteForce,0.1,0.26093117408906885,0.25,False
BruteForce,0.01,0.6232793522267207,0.42857142857142855,False
BruteForce,0.05,0.3876518218623482,0.25,False
BruteForce,0.1,0.46882591093117415,0.42857142857142855,False
BruteForce,0.01,0.35668016194331986,0.6666666666666666,False
BruteForce,0.05,0.6746963562753037,0.25,False
BruteForce,0.1,0.41720647773279357,0.1111111111111111,False
BruteForce,0.01,0.3004048582995951,0.0,False
BruteForce,0.05,0.22064777327935223,0.0,False
BruteForce,0.1,0.43663967611336035,0.25,False
BruteForce,0.01,0.44716599190283407,0.1111111111111111,False
BruteForce,0.05,0.42813765182186236,0.25,False
BruteForce,0.1,0.4593117408906883,0.1111111111111111,False
BruteForce,0.01,0.5989878542510122,0.25,False
BruteForce,0.05,0.46761133603238864,0.25,False
BruteForce,0.1,0.25445344129554653,0.1111111111111111,False
BruteForce,0.01,0.305668016194332,0.1111111111111111,False
BruteForce,0.05,0.2866396761133604,0.0,False
BruteForce,0.1,0.39149797570850203,0.1111111111111111,False
BruteForce,0.01,0.5554655870445344,0.1111111111111111,False
BruteForce,0.05,0.5400809716599191,0.25,False
BruteForce,0.1,0.6008097165991902,0.6666666666666666,True
BruteForce,0.01,0.4497975708502025,0.0,False
BruteForce,0.05,0.40222672064777326,0.25,False
BruteForce,0.1,0.4323886639676114,0.1111111111111111,False
BruteForce,0.01,0.5034412955465587,0.25,False
BruteForce,0.05,0.5251012145748988,0.1111111111111111,False
BruteForce,0.1,0.4121457489878543,0.1111111111111111,False
BruteForce,0.01,0.3578947368421053,0.0,False
BruteForce,0.05,0.41072874493927125,0.1111111111111111,False
BruteForce,0.1,0.5437246963562753,0.25,False
BruteForce,0.01,0.6030364372469637,0.25,False
BruteForce,0.05,0.34574898785425107,0.0,False
BruteForce,0.1,0.5093117408906882,0.25,False
BruteForce,0.01,0.5107287449392712,0.25,False
BruteForce,0.05,0.4445344129554656,0.1111111111111111,False
BruteForce,0.1,0.4451417004048583,0.25,False
BruteForce,0.01,0.23421052631578948,0.1111111111111111,False
BruteForce,0.05,0.2522267206477733,0.25,False
BruteForce,0.1,0.40708502024291504,0.1111111111111111,False
BruteForce,0.01,0.5852226720647774,0.25,False
BruteForce,0.05,0.6593117408906883,0.25,False
BruteForce,0.1,0.6143023440227174,0.25,False
BruteForce,0.01,-0.12753036437246965,0.42857142857142855,False
BruteForce,0.05,0.40708502024291504,0.25,False
BruteForce,0.1,0.209919028340081,0.1111111111111111,False
BruteForce,0.01,0.45263157894736844,0.25,False
BruteForce,0.05,0.4793522267206478,0.1111111111111111,False
BruteForce,0.1,0.37874493927125513,0.25,False
BruteForce,0.01,0.7178137651821862,0.25,True
BruteForce,0.05,0.5894736842105263,0.25,False
BruteForce,0.1,0.5753036437246963,0.1111111111111111,False
BruteForce,0.01,0.2941295546558705,0.1111111111111111,False
BruteForce,0.05,0.5680161943319838,0.25,False
BruteForce,0.1,0.43825910931174095,0.25,False
BruteForce,0.01,0.5744939271255061,0.25,False
BruteForce,0.05,0.48421052631578954,0.25,False
BruteForce,0.1,0.49412955465587044,0.42857142857142855,False
BruteForce,0.01,0.4449392712550607,0.1111111111111111,False
BruteForce,0.05,0.3790677670728418,0.25,False
BruteForce,0.1,0.40740928236800755,0.1111111111111111,False
BruteForce,0.01,0.35629333513922645,0.1111111111111111,False
BruteForce,0.05,0.4947368421052632,0.0,False
BruteForce,0.1,0.32085020242914986,0.0,False
BruteForce,0.01,0.3981781376518219,0.25,False
BruteForce,0.05,0.28178137651821866,0.1111111111111111,False
BruteForce,0.1,0.3935222672064778,0.1111111111111111,False
BruteForce,0.01,0.4961538461538462,0.25,False
BruteForce,0.05,0.5564777327935223,0.0,False
BruteForce,0.1,0.3378542510121458,0.1111111111111111,False
BruteForce,0.01,0.411336032388664,0.1111111111111111,False
BruteForce,0.05,0.5165991902834008,0.25,False
BruteForce,0.1,0.2374493927125506,0.25,False
BruteForce,0.01,0.4761133603238867,0.1111111111111111,False
BruteForce,0.05,0.28259109311740893,0.25,False
BruteForce,0.1,0.48097165991902835,0.1111111111111111,False
BruteForce,0.01,0.3991902834008097,0.42857142857142855,False
BruteForce,0.05,0.47530364372469636,0.25,False
BruteForce,0.1,0.732995951417004,0.42857142857142855,False
BruteForce,0.01,0.15506072874493926,0.1111111111111111,False
BruteForce,0.05,0.34635627530364377,0.1111111111111111,False
BruteForce,0.1,0.15121457489878543,0.1111111111111111,False
BruteForce,0.01,0.28319838056680163,0.1111111111111111,False
BruteForce,0.05,0.3404858299595142,0.1111111111111111,False
BruteForce,0.1,0.5761133603238867,0.25,False
BruteForce,0.01,0.3390688259109312,0.1111111111111111,False
BruteForce,0.05,0.42165991902834005,0.0,False
BruteForce,0.1,0.5263157894736843,0.1111111111111111,False
BruteForce,0.01,0.22489878542510125,0.25,False
BruteForce,0.05,0.5218623481781377,0.42857142857142855,False
BruteForce,0.1,0.5524291497975709,0.0,False
BruteForce,0.01,0.46558704453441296,0.25,False
BruteForce,0.05,0.5540485829959515,0.25,False
BruteForce,0.1,0.48157894736842105,0.0,False
DDoS,0.01,0.4008097165991903,0.42857142857142855,True
DDoS,0.05,0.31538461538461543,0.25,True
DDoS,0.1,0.3797570850202429,0.25,True
DDoS,0.01,0.28765182186234817,0.25,False
DDoS,0.05,0.2852226720647773,0.1111111111111111,False
DDoS,0.1,0.408502024291498,0.25,False
DDoS,0.01,0.34210526315789475,0.42857142857142855,True
DDoS,0.05,0.2340080971659919,0.0,True
DDoS,0.1,0.2119433198380567,0.1111111111111111,True
DDoS,0.01,0.29028340080971665,0.25,True
DDoS,0.05,0.29615384615384616,0.1111111111111111,True
DDoS,0.1,0.3961538461538462,0.1111111111111111,True
DDoS,0.01,0.2680161943319838,0.42857142857142855,True
DDoS,0.05,0.1311740890688259,0.1111111111111111,True
DDoS,0.1,0.08663967611336032,0.0,True
DDoS,0.01,0.6137651821862348,0.25,True
DDoS,0.05,0.5876518218623482,0.6666666666666666,True
DDoS,0.1,0.3242914979757085,0.42857142857142855,True
DDoS,0.01,0.404251012145749,0.42857142857142855,True
DDoS,0.05,0.581174089068826,0.42857142857142855,True
DDoS,0.1,0.32672064777327936,0.6666666666666666,True
DDoS,0.01,0.45829959514170043,0.1111111111111111,True
DDoS,0.05,0.48846153846153856,0.1111111111111111,True
DDoS,0.1,0.36740890688259115,0.25,True
DDoS,0.01,0.5129554655870445,0.1111111111111111,True
DDoS,0.05,0.18603238866396762,0.1111111111111111,False
DDoS,0.1,0.415587044534413,0.25,False
DDoS,0.01,0.3281376518218624,0.25,True
DDoS,0.05,0.28360323886639677,0.25,True
DDoS,0.1,0.34028340080971664,0.42857142857142855,False
DDoS,0.01,0.6781376518218624,0.6666666666666666,True
DDoS,0.05,0.6192307692307694,0.25,True
DDoS,0.1,0.562753036437247,0.6666666666666666,True
DDoS,0.01,0.3232793522267207,0.25,True
DDoS,0.05,0.48279352226720645,0.25,True
DDoS,0.1,0.36093117408906883,0.25,True
DDoS,0.01,0.3176113360323887,0.25,True
DDoS,0.05,0.24129554655870447,0.1111111111111111,True
DDoS,0.1,0.38744939271255063,0.42857142857142855,True
DDoS,0.01,0.7686234817813765,0.6666666666666666,True
DDoS,0.05,0.8153846153846155,0.6666666666666666,True
DDoS,0.1,0.7279352226720648,0.42857142857142855,True
DDoS,0.01,0.42145748987854253,0.25,True
DDoS,0.05,0.6034412955465588,0.25,False
DDoS,0.1,0.6894736842105263,0.42857142857142855,True
DDoS,0.01,0.5309716599190284,0.42857142857142855,True
DDoS,0.05,0.4680161943319838,0.25,True
DDoS,0.1,0.27004048582995954,0.1111111111111111,True
DDoS,0.01,0.32267206477732796,0.1111111111111111,True
DDoS,0.05,0.09331983805668018,0.42857142857142855,True
DDoS,0.1,0.08137651821862348,0.25,True
DDoS,0.01,0.5299595141700405,0.42857142857142855,True
DDoS,0.05,0.6720647773279352,0.42857142857142855,True
DDoS,0.1,0.5649797570850202,0.25,True
DDoS,0.01,0.5382591093117409,0.25,True
DDoS,0.05,0.505668016194332,0.1111111111111111,False
DDoS,0.1,0.3882591093117409,0.42857142857142855,True
DDoS,0.01,0.45769230769230773,0.25,True
DDoS,0.05,0.4457489878542511,0.1111111111111111,True
DDoS,0.1,0.408502024291498,0.25,True
DDoS,0.01,0.7303643724696356,0.42857142857142855,True
DDoS,0.05,0.6605263157894737,0.6666666666666666,True
DDoS,0.1,0.546761133603239,0.6666666666666666,True
DDoS,0.01,0.4257085020242915,0.1111111111111111,True
DDoS,0.05,0.4653846153846154,0.25,True
DDoS,0.1,0.505668016194332,0.25,False
DDoS,0.01,0.32935222672064773,0.25,True
DDoS,0.05,0.42894736842105263,0.25,False
DDoS,0.1,0.5661943319838058,0.25,True
DDoS,0.01,0.6342105263157896,0.1111111111111111,True
DDoS,0.05,0.48319838056680164,0.42857142857142855,True
DDoS,0.1,0.5823886639676114,0.42857142857142855,False
DDoS,0.01,0.6898785425101215,0.1111111111111111,True
DDoS,0.05,0.4795546558704453,0.42857142857142855,True
DDoS,0.1,0.48421052631578954,0.42857142857142855,False
DDoS,0.01,0.5372469635627531,0.25,True
DDoS,0.05,0.5457489878542511,0.25,True
DDoS,0.1,0.5659919028340081,0.1111111111111111,True
DDoS,0.01,0.4244939271255061,0.42857142857142855,True
DDoS,0.05,0.3439271255060729,0.1111111111111111,False
DDoS,0.1,0.42165991902834005,0.25,False
DDoS,0.01,0.33582995951417005,0.42857142857142855,True
DDoS,0.05,0.47246963562753036,0.25,True
DDoS,0.1,0.3376518218623482,0.25,True
DDoS,0.01,0.5532388663967612,0.42857142857142855,True
DDoS,0.05,0.712753036437247,0.25,True
DDoS,0.1,0.6271255060728745,0.6666666666666666,True
DDoS,0.01,0.11720647773279354,0.1111111111111111,True
DDoS,0.05,0.3805668016194332,0.25,True
DDoS,0.1,0.4702429149797571,0.25,True
DDoS,0.01,0.5781376518218623,0.1111111111111111,True
DDoS,0.05,0.4178137651821862,0.25,True
DDoS,0.1,0.4131578947368421,0.1111111111111111,True
DDoS,0.01,0.6109311740890688,0.42857142857142855,True
DDoS,0.05,0.6635627530364372,0.6666666666666666,True
DDoS,0.1,0.40323886639676115,0.42857142857142855,True
DDoS,0.01,0.5137651821862349,0.25,True
DDoS,0.05,0.4210526315789474,0.25,True
DDoS,0.1,0.455668016194332,0.1111111111111111,True
DDoS,0.01,0.5291497975708502,0.1111111111111111,True
DDoS,0.05,0.38866396761133604,0.42857142857142855,True
DDoS,0.1,0.472672064777328,0.42857142857142855,False
DDoS,0.01,0.6546558704453441,0.25,True
DDoS,0.05,0.4850202429149798,0.25,True
DDoS,0.1,0.5008097165991904,0.25,True
DDoS,0.01,0.12044534412955467,0.25,True
DDoS,0.05,0.317004048582996,0.1111111111111111,True
DDoS,0.1,0.33056680161943325,0.42857142857142855,True
DDoS,0.01,0.6431174089068826,0.42857142857142855,True
DDoS,0.05,0.531174089068826,0.25,False
DDoS,0.1,0.5548582995951417,0.25,True
DDoS,0.01,0.6360323886639676,0.25,True
DDoS,0.05,0.5097165991902833,0.42857142857142855,True
DDoS,0.1,0.18947368421052635,0.1111111111111111,True
DDoS,0.01,0.6834008097165992,0.42857142857142855,True
DDoS,0.05,0.6665991902834009,0.25,True
DDoS,0.1,0.5619433198380568,0.25,True
DDoS,0.01,0.5303643724696356,0.1111111111111111,True
DDoS,0.05,0.4034412955465587,0.25,True
DDoS,0.1,0.3856275303643725,0.25,True
DDoS,0.01,0.6623481781376518,0.42857142857142855,True
DDoS,0.05,0.5742914979757084,0.25,True
DDoS,0.1,0.20384615384615387,0.42857142857142855,True
DDoS,0.01,0.3734817813765182,0.25,True
DDoS,0.05,0.3202429149797571,0.25,True
DDoS,0.1,0.4773279352226721,0.25,True
DDoS,0.01,0.26497975708502025,0.25,True
DDoS,0.05,0.1425101214574899,0.25,True
DDoS,0.1,0.30951417004048587,0.42857142857142855,True
DDoS,0.01,0.47712550607287446,0.25,True
DDoS,0.05,0.4327935222672065,0.25,True
DDoS,0.1,0.47449392712550614,0.42857142857142855,True
DDoS,0.01,0.49817813765182184,0.25,True
DDoS,0.05,0.5502024291497976,0.42857142857142855,True
DDoS,0.1,0.5271255060728746,0.6666666666666666,False
DDoS,0.01,0.32935222672064773,0.6666666666666666,True
DDoS,0.05,0.46659919028340086,0.42857142857142855,True
DDoS,0.1,0.348582995951417,0.42857142857142855,True
DDoS,0.01,0.7291497975708502,0.6666666666666666,True
DDoS,0.05,0.4461538461538462,0.25,True
DDoS,0.1,0.7510121457489879,0.42857142857142855,True
DDoS,0.01,0.44068825910931175,0.25,True
DDoS,0.05,0.5878542510121458,0.42857142857142855,True
DDoS,0.1,0.3504048582995951,0.42857142857142855,True
DDoS,0.01,0.6097165991902834,0.25,True
DDoS,0.05,0.43117408906882587,0.25,True
DDoS,0.1,0.5629554655870445,0.6666666666666666,True
DDoS,0.01,0.3672064777327936,0.25,True
DDoS,0.05,0.5307692307692309,0.25,False
DDoS,0.1,0.3661943319838057,0.6666666666666666,False
DDoS,0.01,0.7350202429149798,0.42857142857142855,True
DDoS,0.05,0.6601214574898786,0.6666666666666666,True
DDoS,0.1,0.6336032388663968,0.42857142857142855,True
DDoS,0.01,0.7188259109311741,0.25,True
DDoS,0.05,0.6823886639676113,0.25,True
DDoS,0.1,0.6354251012145749,0.25,True
DDoS,0.01,0.40607287449392715,0.6666666666666666,True
DDoS,0.05,0.418421052631579,0.42857142857142855,True
DDoS,0.1,0.43218623481781376,0.42857142857142855,True
DDoS,0.01,0.4297570850202429,0.1111111111111111,True
DDoS,0.05,0.34696356275303647,0.25,True
DDoS,0.1,0.3894736842105263,0.25,True
DDoS,0.01,0.8040485829959515,0.25,True
DDoS,0.05,0.6487854251012146,0.6666666666666666,True
DDoS,0.1,0.502834008097166,0.25,True
DDoS,0.01,0.36093117408906883,0.25,True
DDoS,0.05,0.41295546558704455,0.6666666666666666,True
DDoS,0.1,0.31295546558704457,0.42857142857142855,True
DDoS,0.01,0.5153846153846154,0.1111111111111111,True
DDoS,0.05,0.4702429149797571,0.42857142857142855,True
DDoS,0.1,0.5251012145748988,0.25,False
DDoS,0.01,0.3635627530364373,0.25,False
DDoS,0.05,0.6906882591093118,0.25,True
DDoS,0.1,0.5168016194331984,0.25,True
DDoS,0.01,0.21558704453441294,0.25,True
DDoS,0.05,0.5277327935222672,0.25,True
DDoS,0.1,0.29615384615384616,0.0,True
DDoS,0.01,0.6350202429149798,0.42857142857142855,True
DDoS,0.05,0.48360323886639683,0.42857142857142855,True
DDoS,0.1,0.6212550607287449,0.42857142857142855,True
DoS,0.01,0.4746963562753037,1.0,True
DoS,0.05,0.34149797570850204,0.42857142857142855,False
DoS,0.1,0.25748987854251015,0.1111111111111111,False
DoS,0.01,0.6469635627530365,0.6666666666666666,False
DoS,0.05,0.49412955465587044,0.6666666666666666,False
DoS,0.1,0.40789473684210525,0.25,False
DoS,0.01,0.4344129554655871,0.42857142857142855,False
DoS,0.05,0.6115384615384617,0.6666666666666666,True
DoS,0.1,0.5866396761133603,0.42857142857142855,True
DoS,0.01,0.25668016194331983,0.25,False
DoS,0.05,0.29595141700404864,0.25,False
DoS,0.1,0.5168016194331984,0.42857142857142855,True
DoS,0.01,0.4663967611336033,0.42857142857142855,False
DoS,0.05,0.28866396761133606,0.25,True
DoS,0.1,0.21093117408906883,0.42857142857142855,False
DoS,0.01,0.4299595141700405,0.42857142857142855,True
DoS,0.05,0.3180161943319838,0.25,True
DoS,0.1,0.2993927125506073,0.25,True
DoS,0.01,0.312753036437247,0.25,True
DoS,0.05,0.3451417004048583,0.42857142857142855,False
DoS,0.1,0.43684210526315786,0.25,False
DoS,0.01,0.6380566801619434,0.42857142857142855,True
DoS,0.05,0.6165991902834007,0.25,False
DoS,0.1,0.4793522267206478,0.42857142857142855,False
DoS,0.01,0.13634293250924376,0.1111111111111111,True
DoS,0.05,-0.02075003798396063,0.25,False
DoS,0.1,0.15658687200579074,0.25,False
DoS,0.01,0.4939271255060728,0.42857142857142855,False
DoS,0.05,0.1702429149797571,0.25,False
DoS,0.1,0.44736842105263164,0.25,True
DoS,0.01,0.4,0.25,True
DoS,0.05,0.3246963562753037,0.42857142857142855,False
DoS,0.1,0.27712550607287456,0.25,True
DoS,0.01,0.5356275303643724,0.25,True
DoS,0.05,0.42854251012145755,0.25,False
DoS,0.1,0.6402834008097166,0.25,True
DoS,0.01,0.6259109311740891,0.6666666666666666,True
DoS,0.05,0.4969635627530365,0.42857142857142855,False
DoS,0.1,0.5902834008097165,0.42857142857142855,False
DoS,0.01,0.6356275303643725,0.25,True
DoS,0.05,0.45526315789473687,0.42857142857142855,False
DoS,0.1,0.4437246963562753,0.42857142857142855,False
DoS,0.01,0.511336032388664,0.42857142857142855,True
DoS,0.05,0.7046558704453442,0.25,True
DoS,0.1,0.5556680161943319,0.42857142857142855,False
DoS,0.01,0.5133603238866397,0.42857142857142855,True
DoS,0.05,0.392914979757085,0.42857142857142855,False
DoS,0.1,0.5682186234817814,0.6666666666666666,True
DoS,0.01,0.5894736842105263,0.6666666666666666,True
DoS,0.05,0.3338056680161944,0.25,True
DoS,0.1,0.4912955465587045,0.42857142857142855,False
DoS,0.01,0.5757085020242916,0.6666666666666666,True
DoS,0.05,0.4093117408906883,0.42857142857142855,False
DoS,0.1,0.4137651821862348,0.42857142857142855,True
DoS,0.01,0.5550607287449393,0.25,False
DoS,0.05,0.5439271255060729,0.42857142857142855,False
DoS,0.1,0.3291497975708502,0.25,False
DoS,0.01,0.615587044534413,0.25,True
DoS,0.05,0.476923076923077,0.42857142857142855,False
DoS,0.1,0.5441295546558704,0.25,False
DoS,0.01,0.454251012145749,0.25,False
DoS,0.05,0.5074898785425102,0.25,False
DoS,0.1,0.46761133603238864,0.42857142857142855,False
DoS,0.01,0.5417004048582996,0.42857142857142855,True
DoS,0.05,0.398582995951417,0.0,True
DoS,0.1,0.5283400809716599,0.42857142857142855,True
DoS,0.01,0.11862348178137654,0.0,False
DoS,0.05,0.27692307692307694,0.25,False
DoS,0.1,0.24372469635627533,0.25,True
DoS,0.01,0.32894736842105265,0.42857142857142855,True
DoS,0.05,0.6888663967611337,0.25,True
DoS,0.1,0.4799595141700405,0.25,True
DoS,0.01,0.6742914979757085,0.25,False
DoS,0.05,0.602834008097166,0.42857142857142855,False
DoS,0.1,0.4963562753036438,0.42857142857142855,True
DoS,0.01,0.4331983805668016,0.25,False
DoS,0.05,0.5010121457489878,0.25,True
DoS,0.1,0.32388663967611336,0.42857142857142855,False
DoS,0.01,0.2388663967611336,0.42857142857142855,True
DoS,0.05,0.2840080971659919,0.6666666666666666,False
DoS,0.1,0.31417004048582997,0.25,False
DoS,0.01,0.7380566801619434,0.42857142857142855,False
DoS,0.05,0.6234817813765182,0.25,True
DoS,0.1,0.4947368421052632,0.42857142857142855,False
DoS,0.01,0.19271255060728745,0.25,True
DoS,0.05,0.3852226720647773,0.42857142857142855,True
DoS,0.1,0.5032388663967612,0.42857142857142855,False
DoS,0.01,0.11518218623481782,0.25,False
DoS,0.05,0.32935222672064773,0.25,True
DoS,0.1,0.15263157894736845,0.25,False
DoS,0.01,0.40141700404858305,0.25,True
DoS,0.05,0.5228744939271255,0.25,False
DoS,0.1,0.41902834008097173,0.25,False
DoS,0.01,0.2981781376518219,0.1111111111111111,False
DoS,0.05,0.24444556942080453,0.25,False
DoS,0.1,0.2755060728744939,0.25,True
DoS,0.01,0.501417004048583,0.42857142857142855,True
DoS,0.05,0.6238866396761134,0.6666666666666666,True
DoS,0.1,0.45789473684210524,0.6666666666666666,True
DoS,0.01,0.5706477732793522,0.6666666666666666,True
DoS,0.05,0.5706477732793522,0.42857142857142855,False
DoS,0.1,0.6008097165991902,0.6666666666666666,False
DoS,0.01,0.5441295546558704,0.42857142857142855,True
DoS,0.05,0.1327935222672065,0.42857142857142855,False
DoS,0.1,0.5421052631578949,0.6666666666666666,True
DoS,0.01,0.3522267206477732,0.42857142857142855,False
DoS,0.05,0.5080971659919029,0.6666666666666666,True
DoS,0.1,0.34939271255060733,0.42857142857142855,False
DoS,0.01,0.44129554655870445,0.25,True
DoS,0.05,0.6530364372469636,0.6666666666666666,True
DoS,0.1,0.4431174089068826,0.25,True
DoS,0.01,0.2285425101214575,0.25,True
DoS,0.05,0.40890688259109315,0.1111111111111111,False
DoS,0.1,0.40303643724696353,0.25,False
DoS,0.01,0.304251012145749,0.42857142857142855,False
DoS,0.05,0.24919028340080973,0.6666666666666666,False
DoS,0.1,0.354251012145749,0.6666666666666666,True
DoS,0.01,0.7050607287449393,0.42857142857142855,False
DoS,0.05,0.5659919028340081,0.6666666666666666,False
DoS,0.1,0.43603238866396765,0.42857142857142855,False
DoS,0.01,0.544331983805668,0.25,False
DoS,0.05,0.2783400809716599,0.25,False
DoS,0.1,0.3348178137651822,0.25,True
DoS,0.01,0.5074898785425102,0.42857142857142855,False
DoS,0.05,0.5089068825910931,0.42857142857142855,False
DoS,0.1,0.2629554655870445,0.25,False
DoS,0.01,0.6240890688259109,0.1111111111111111,True
DoS,0.05,0.2425101214574899,0.25,False
DoS,0.1,0.4052631578947369,0.25,False
DoS,0.01,0.20668016194331987,0.42857142857142855,True
DoS,0.05,0.32773279352226725,0.42857142857142855,False
DoS,0.1,0.4457489878542511,0.42857142857142855,True
DoS,0.01,0.5969635627530364,0.42857142857142855,False
DoS,0.05,0.6676113360323888,0.25,True
DoS,0.1,0.4870445344129555,0.25,False
DoS,0.01,0.5929149797570852,0.42857142857142855,True
DoS,0.05,0.4793522267206478,0.25,True
DoS,0.1,0.405668016194332,0.42857142857142855,True
DoS,0.01,0.5578947368421053,0.42857142857142855,False
DoS,0.05,0.6336032388663968,0.6666666666666666,False
DoS,0.1,0.5491902834008097,0.6666666666666666,True
DoS,0.01,0.5576923076923077,0.42857142857142855,True
DoS,0.05,0.4939271255060728,0.42857142857142855,True
DoS,0.1,0.27753036437246964,0.25,True
DoS,0.01,0.26214574898785425,0.42857142857142855,True
DoS,0.05,0.47186234817813766,0.42857142857142855,False
DoS,0.1,0.615587044534413,0.6666666666666666,True
DoS,0.01,0.3955465587044535,0.1111111111111111,True
DoS,0.05,0.6706477732793522,0.25,True
DoS,0.1,0.6137651821862348,0.25,True
DoS,0.01,0.43603238866396765,0.1111111111111111,True
DoS,0.05,0.2979757085020243,0.1111111111111111,False
DoS,0.1,0.5593117408906882,0.25,True
DoS,0.01,0.28765182186234817,0.25,False
DoS,0.05,0.35728744939271256,0.1111111111111111,False
DoS,0.1,0.23805668016194334,0.25,False
DoS,0.01,0.24757085020242917,0.42857142857142855,False
DoS,0.05,0.26902834008097165,0.25,False
DoS,0.1,0.26275303643724696,0.0,True
DoS,0.01,0.38279352226720653,0.42857142857142855,True
DoS,0.05,0.4860323886639677,0.42857142857142855,True
DoS,0.1,0.4823886639676114,0.42857142857142855,True
DoS,0.01,0.3036437246963563,0.1111111111111111,False
DoS,0.05,0.2125506072874494,0.25,False
DoS,0.1,0.31356275303643727,0.42857142857142855,True
DoS,0.01,0.5305668016194333,0.42857142857142855,True
DoS,0.05,0.42186234817813767,0.25,True
DoS,0.1,0.3744939271255061,0.25,True
DoS,0.01,0.49878542510121454,0.42857142857142855,True
DoS,0.05,0.5609311740890689,0.42857142857142855,True
DoS,0.1,0.5180161943319838,0.42857142857142855,False
DoS,0.01,0.2538461538461539,0.25,False
DoS,0.05,0.15020242914979756,0.25,False
DoS,0.1,0.3491902834008097,0.42857142857142855,False
DoS,0.01,0.3441295546558705,0.25,False
DoS,0.05,0.42226720647773286,0.42857142857142855,False
DoS,0.1,0.454251012145749,0.6666666666666666,False
DoS,0.01,0.3910931174089069,0.42857142857142855,True
DoS,0.05,0.41801619433198384,0.1111111111111111,False
DoS,0.1,0.4178137651821862,0.25,True
Mirai,0.01,0.3589068825910931,0.42857142857142855,True
Mirai,0.05,0.404251012145749,0.42857142857142855,True
Mirai,0.1,0.4819838056680162,0.42857142857142855,True
Mirai,0.01,0.703846153846154,0.42857142857142855,True
Mirai,0.05,0.6819838056680162,0.42857142857142855,True
Mirai,0.1,0.7317813765182186,0.42857142857142855,True
Mirai,0.01,0.6597165991902834,0.42857142857142855,True
Mirai,0.05,0.48987854251012153,0.42857142857142855,True
Mirai,0.1,0.5246963562753036,0.6666666666666666,True
Mirai,0.01,0.3495116154078832,0.42857142857142855,True
Mirai,0.05,0.4997216464722616,0.6666666666666666,True
Mirai,0.1,0.42732793522267204,0.25,True
Mirai,0.01,0.3755821093383439,0.6666666666666666,True
Mirai,0.05,0.228791257979692,0.25,True
Mirai,0.1,0.3680907141655575,0.6666666666666666,True
Mirai,0.01,0.5965587044534414,0.6666666666666666,True
Mirai,0.05,0.5831983805668016,0.6666666666666666,True
Mirai,0.1,0.5566801619433198,0.42857142857142855,True
Mirai,0.01,0.6991902834008098,0.6666666666666666,True
Mirai,0.05,0.3433198380566802,0.42857142857142855,True
Mirai,0.1,0.5530364372469636,0.42857142857142855,True
Mirai,0.01,0.5917004048582997,0.42857142857142855,True
Mirai,0.05,0.5089068825910931,0.42857142857142855,True
Mirai,0.1,0.548582995951417,0.42857142857142855,True
Mirai,0.01,0.6334008097165992,0.6666666666666666,True
Mirai,0.05,0.7234817813765183,0.42857142857142855,True
Mirai,0.1,0.5892712550607287,0.6666666666666666,True
Mirai,0.01,0.4050607287449393,0.42857142857142855,True
Mirai,0.05,0.5923076923076923,0.42857142857142855,True
Mirai,0.1,0.6951417004048583,0.42857142857142855,True
Mirai,0.01,0.6263157894736843,0.42857142857142855,True
Mirai,0.05,0.7625506072874494,0.25,True
Mirai,0.1,0.6475708502024291,0.42857142857142855,True
Mirai,0.01,0.6510121457489878,0.42857142857142855,True
Mirai,0.05,0.6746963562753037,0.42857142857142855,True
Mirai,0.1,0.724493927125506,0.42857142857142855,True
Mirai,0.01,0.7522267206477733,1.0,True
Mirai,0.05,0.7157894736842106,0.6666666666666666,True
Mirai,0.1,0.7283400809716599,0.42857142857142855,True
Mirai,0.01,0.3593117408906883,0.42857142857142855,True
Mirai,0.05,0.47975708502024295,0.25,True
Mirai,0.1,0.5522267206477733,0.6666666666666666,True
Mirai,0.01,0.23402534645414025,0.25,True
Mirai,0.05,0.15023284373533755,0.25,True
Mirai,0.1,0.3610042592723812,0.42857142857142855,True
Mirai,0.01,0.46295546558704453,0.6666666666666666,True
Mirai,0.05,0.3137651821862349,0.42857142857142855,False
Mirai,0.1,0.5797570850202429,0.6666666666666666,True
Mirai,0.01,0.7313765182186235,0.42857142857142855,True
Mirai,0.05,0.6054655870445343,0.42857142857142855,True
Mirai,0.1,0.6663967611336032,0.25,True
Mirai,0.01,0.687246963562753,0.42857142857142855,True
Mirai,0.05,0.48744939271255067,0.42857142857142855,True
Mirai,0.1,0.5757085020242916,0.25,True
Mirai,0.01,0.5101214574898786,0.25,True
Mirai,0.05,0.5461538461538462,0.25,True
Mirai,0.1,0.525910931174089,0.25,True
Mirai,0.01,0.5781376518218623,0.42857142857142855,True
Mirai,0.05,0.2591093117408907,0.42857142857142855,True
Mirai,0.1,0.4398785425101215,0.25,True
Mirai,0.01,0.6052631578947368,0.42857142857142855,True
Mirai,0.05,0.45222672064777325,0.6666666666666666,True
Mirai,0.1,0.4765182186234818,0.42857142857142855,True
Mirai,0.01,0.5091093117408907,0.25,True
Mirai,0.05,0.5791497975708502,0.6666666666666666,True
Mirai,0.1,0.671255060728745,0.42857142857142855,True
Mirai,0.01,0.5682186234817814,0.6666666666666666,True
Mirai,0.05,0.5390688259109312,0.42857142857142855,True
Mirai,0.1,0.6738866396761133,0.42857142857142855,True
Mirai,0.01,0.26256389527021406,0.42857142857142855,True
Mirai,0.05,0.2791639256573826,0.25,True
Mirai,0.1,0.22798137742047184,0.42857142857142855,True
Mirai,0.01,0.6285425101214575,0.42857142857142855,True
Mirai,0.05,0.5447368421052632,0.42857142857142855,True
Mirai,0.1,0.5338056680161943,0.42857142857142855,True
Mirai,0.01,0.6072874493927126,0.42857142857142855,True
Mirai,0.05,0.6898785425101215,0.42857142857142855,True
Mirai,0.1,0.6319838056680163,0.25,True
Mirai,0.01,0.5582995951417005,0.42857142857142855,True
Mirai,0.05,0.4605263157894737,0.42857142857142855,True
Mirai,0.1,0.35647773279352224,0.1111111111111111,True
Mirai,0.01,0.4659919028340081,0.42857142857142855,True
Mirai,0.05,0.5400809716599191,0.25,True
Mirai,0.1,0.4502024291497976,0.42857142857142855,True
Mirai,0.01,0.46558704453441296,0.6666666666666666,True
Mirai,0.05,0.5451417004048583,0.42857142857142855,True
Mirai,0.1,0.511336032388664,0.42857142857142855,True
Mirai,0.01,0.46093117408906886,0.25,True
Mirai,0.05,0.5663967611336033,0.42857142857142855,True
Mirai,0.1,0.37692307692307697,0.42857142857142855,True
Mirai,0.01,0.5548582995951417,1.0,True
Mirai,0.05,0.5665991902834008,0.42857142857142855,True
Mirai,0.1,0.5052631578947369,0.25,True
Mirai,0.01,0.5497241770287327,0.25,True
Mirai,0.05,0.419838056680162,0.42857142857142855,True
Mirai,0.1,0.3672064777327936,0.42857142857142855,True
Mirai,0.01,0.4109311740890689,0.25,True
Mirai,0.05,0.4793522267206478,0.1111111111111111,True
Mirai,0.1,0.4862348178137652,0.25,True
Mirai,0.01,0.39696356275303646,0.25,True
Mirai,0.05,0.419838056680162,0.42857142857142855,True
Mirai,0.1,0.467004048582996,0.6666666666666666,True
Mirai,0.01,0.5465587044534413,0.6666666666666666,True
Mirai,0.05,0.5091093117408907,0.6666666666666666,True
Mirai,0.1,0.5643724696356276,0.42857142857142855,True
Mirai,0.01,0.546761133603239,0.42857142857142855,True
Mirai,0.05,0.6939271255060729,1.0,True
Mirai,0.1,0.7536437246963564,0.42857142857142855,True
Mirai,0.01,0.5097165991902833,0.42857142857142855,True
Mirai,0.05,0.43380566801619436,0.6666666666666666,True
Mirai,0.1,0.5951417004048583,0.6666666666666666,True
Mirai,0.01,0.6483805668016195,0.42857142857142855,True
Mirai,0.05,0.5908906882591094,0.25,True
Mirai,0.1,0.5576923076923077,0.42857142857142855,True
Mirai,0.01,0.22440406931922305,0.25,True
Mirai,0.05,0.21165038743639844,0.25,False
Mirai,0.1,0.0922111444067714,0.25,False
Mirai,0.01,0.5060728744939271,0.6666666666666666,True
Mirai,0.05,0.4354251012145749,0.42857142857142855,True
Mirai,0.1,0.3026315789473684,0.42857142857142855,True
Mirai,0.01,0.5040485829959515,0.42857142857142855,True
Mirai,0.05,0.43603238866396765,0.42857142857142855,True
Mirai,0.1,0.44291497975708505,0.42857142857142855,True
Mirai,0.01,0.6989878542510122,0.25,True
Mirai,0.05,0.6135627530364373,0.42857142857142855,True
Mirai,0.1,0.7417004048582997,0.42857142857142855,True
Mirai,0.01,0.5030364372469636,0.6666666666666666,True
Mirai,0.05,0.6224696356275303,0.42857142857142855,True
Mirai,0.1,0.7058704453441296,0.42857142857142855,True
Mirai,0.01,0.5078947368421053,0.6666666666666666,True
Mirai,0.05,0.6404858299595142,0.42857142857142855,True
Mirai,0.1,0.3536437246963563,0.42857142857142855,True
Mirai,0.01,0.599595141700405,0.6666666666666666,True
Mirai,0.05,0.8091093117408907,0.6666666666666666,True
Mirai,0.1,0.615587044534413,0.42857142857142855,True
Mirai,0.01,0.42773279352226723,0.6666666666666666,True
Mirai,0.05,0.5910931174089069,0.25,True
Mirai,0.1,0.35202429149797576,0.42857142857142855,True
Mirai,0.01,0.6722672064777329,0.42857142857142855,True
Mirai,0.05,0.6099190283400809,0.25,True
Mirai,0.1,0.6135627530364373,0.25,True
Mirai,0.01,0.607085020242915,0.42857142857142855,True
Mirai,0.05,0.535425101214575,0.42857142857142855,True
Mirai,0.1,0.701417004048583,0.42857142857142855,True
Mirai,0.01,0.6568825910931174,0.42857142857142855,True
Mirai,0.05,0.5277327935222672,0.25,True
Mirai,0.1,0.6374493927125506,0.6666666666666666,True
Mirai,0.01,0.6637651821862348,0.25,True
Mirai,0.05,0.4900809716599191,0.6666666666666666,True
Mirai,0.1,0.48259109311740894,0.1111111111111111,True
Mirai,0.01,0.6449392712550607,0.25,True
Mirai,0.05,0.5874493927125506,0.42857142857142855,True
Mirai,0.1,0.6360323886639676,0.42857142857142855,True
Mirai,0.01,0.5370445344129554,0.6666666666666666,True
Mirai,0.05,0.7010121457489878,0.42857142857142855,True
Mirai,0.1,0.36599190283400806,0.6666666666666666,True
Mirai,0.01,0.6062753036437247,0.6666666666666666,True
Mirai,0.05,0.6168016194331983,0.42857142857142855,True
Mirai,0.1,0.6325910931174089,0.6666666666666666,True
Mirai,0.01,0.33184855914045586,0.25,True
Mirai,0.05,0.4045353393304642,0.42857142857142855,True
Mirai,0.1,0.3717351766820482,0.42857142857142855,True
Mirai,0.01,0.4949392712550607,0.42857142857142855,True
Mirai,0.05,0.39230769230769236,0.42857142857142855,True
Mirai,0.1,0.476923076923077,0.42857142857142855,True
Mirai,0.01,0.5111336032388665,0.42857142857142855,True
Mirai,0.05,0.5953441295546559,0.6666666666666666,True
Mirai,0.1,0.5898785425101215,0.42857142857142855,True
Mirai,0.01,0.590080971659919,0.25,True
Mirai,0.05,0.717004048582996,0.42857142857142855,True
Mirai,0.1,0.27125506072874495,0.1111111111111111,True
Mirai,0.01,0.3728744939271255,0.6666666666666666,True
Mirai,0.05,0.6218623481781377,0.42857142857142855,True
Mirai,0.1,0.6133603238866397,0.42857142857142855,True
Mirai,0.01,0.7461538461538463,0.6666666666666666,True
Mirai,0.05,0.6026315789473684,0.6666666666666666,True
Mirai,0.1,0.5050607287449392,0.42857142857142855,True
Mirai,0.01,0.43259109311740895,0.25,True
Mirai,0.05,0.6716599190283401,0.6666666666666666,True
Mirai,0.1,0.7544534412955466,0.6666666666666666,True
Recon,0.01,0.37085020242914984,0.25,False
Recon,0.05,0.4208502024291499,0.25,False
Recon,0.1,0.6334008097165992,0.42857142857142855,False
Recon,0.01,0.4178137651821862,0.1111111111111111,False
Recon,0.05,0.2765182186234818,0.0,False
Recon,0.1,0.13036437246963564,0.1111111111111111,False
Recon,0.01,0.5378542510121458,0.25,False
Recon,0.05,0.4544534412955466,0.25,False
Recon,0.1,0.5989878542510122,0.25,False
Recon,0.01,0.19716599190283401,0.25,False
Recon,0.05,0.21214574898785427,0.25,False
Recon,0.1,0.30647773279352225,0.25,False
Recon,0.01,0.2604382816230766,0.42857142857142855,False
Recon,0.05,0.34586770629850483,0.25,False
Recon,0.1,0.11650387180262775,0.25,False
Recon,0.01,0.3578947368421053,0.1111111111111111,False
Recon,0.05,0.4572874493927126,0.1111111111111111,False
Recon,0.1,0.4410931174089069,0.25,False
Recon,0.01,0.4653846153846154,0.1111111111111111,False
Recon,0.05,0.2919028340080972,0.25,False
Recon,0.1,0.45121457489878547,0.1111111111111111,False
Recon,0.01,0.4489878542510121,0.6666666666666666,False
Recon,0.05,0.3935222672064778,0.25,False
Recon,0.1,0.6815789473684211,0.42857142857142855,False
Recon,0.01,0.32611336032388666,0.1111111111111111,False
Recon,0.05,0.5285425101214575,0.25,False
Recon,0.1,0.34898785425101214,0.1111111111111111,False
Recon,0.01,0.408502024291498,0.25,False
Recon,0.05,0.5119433198380567,0.0,False
Recon,0.1,0.30829959514170036,0.25,False
Recon,0.01,0.4050607287449393,0.42857142857142855,False
Recon,0.05,0.625506072874494,0.6666666666666666,False
Recon,0.1,0.40668016194331985,0.25,False
Recon,0.01,0.3789473684210527,0.25,False
Recon,0.05,0.45829959514170043,0.25,False
Recon,0.1,0.26437246963562755,0.1111111111111111,False
Recon,0.01,0.2459514170040486,0.25,False
Recon,0.05,0.3439271255060729,0.25,False
Recon,0.1,0.19716599190283401,0.25,True
Recon,0.01,0.32206477732793526,0.25,False
Recon,0.05,0.15618199321585977,0.1111111111111111,False
Recon,0.1,0.4323886639676114,0.1111111111111111,True
Recon,0.01,0.37834008097165994,0.1111111111111111,False
Recon,0.05,0.38178137651821864,0.25,False
Recon,0.1,0.4342105263157895,0.42857142857142855,False
Recon,0.01,0.5481781376518219,0.1111111111111111,True
Recon,0.05,0.3004048582995951,0.0,False
Recon,0.1,0.4287449392712551,0.42857142857142855,False
Recon,0.01,0.30222672064777334,0.25,True
Recon,0.05,0.3281376518218624,0.25,False
Recon,0.1,0.5724696356275304,0.1111111111111111,False
Recon,0.01,0.4593117408906883,0.42857142857142855,False
Recon,0.05,0.2348178137651822,0.25,False
Recon,0.1,0.3412955465587045,0.25,False
Recon,0.01,0.7006072874493927,0.42857142857142855,False
Recon,0.05,0.5188259109311741,0.1111111111111111,False
Recon,0.1,0.5874493927125506,0.1111111111111111,False
Recon,0.01,0.17834008097165993,0.1111111111111111,False
Recon,0.05,0.292914979757085,0.1111111111111111,False
Recon,0.1,0.5024291497975709,0.1111111111111111,True
Recon,0.01,0.3412955465587045,0.25,False
Recon,0.05,0.23805668016194334,0.25,False
Recon,0.1,0.3807692307692308,0.1111111111111111,False
Recon,0.01,0.6659919028340082,0.6666666666666666,True
Recon,0.05,0.35283400809716603,0.25,False
Recon,0.1,0.48825910931174094,0.25,False
Recon,0.01,0.23705653150456488,0.1111111111111111,False
Recon,0.05,0.2176223495878798,0.1111111111111111,False
Recon,0.1,0.30649324397772093,0.25,False
Recon,0.01,0.1404858299595142,0.25,False
Recon,0.05,0.2222672064777328,0.25,False
Recon,0.1,0.4876518218623482,0.25,False
Recon,0.01,0.5993927125506073,0.25,False
Recon,0.05,0.458502024291498,0.1111111111111111,False
Recon,0.1,0.5615384615384615,0.1111111111111111,False
Recon,0.01,0.3289640168188881,0.25,False
Recon,0.05,0.23462725876497925,0.1111111111111111,False
Recon,0.1,0.299610304548895,0.25,False
Recon,0.01,0.4524291497975709,0.1111111111111111,False
Recon,0.05,0.5989878542510122,0.25,False
Recon,0.1,0.26052631578947366,0.25,False
Recon,0.01,0.18019842442648307,0.1111111111111111,False
Recon,0.05,0.3366396761133604,0.25,False
Recon,0.1,0.4350422597807941,0.25,True
Recon,0.01,0.43684210526315786,0.25,False
Recon,0.05,0.4396761133603239,0.1111111111111111,False
Recon,0.1,0.15991902834008098,0.25,False
Recon,0.01,0.5925101214574899,0.25,False
Recon,0.05,0.5923076923076923,0.1111111111111111,False
Recon,0.1,0.41801619433198384,0.25,False
Recon,0.01,0.24129554655870447,0.25,False
Recon,0.05,0.28178137651821866,0.25,False
Recon,0.1,0.1111336032388664,0.1111111111111111,True
Recon,0.01,0.535425101214575,0.1111111111111111,False
Recon,0.05,0.6196356275303644,0.42857142857142855,False
Recon,0.1,0.7008097165991902,0.42857142857142855,False
Recon,0.01,0.4380566801619433,0.25,False
Recon,0.05,0.33704453441295545,0.25,False
Recon,0.1,0.18987854251012146,0.42857142857142855,False
Recon,0.01,0.6518218623481782,0.25,False
Recon,0.05,0.46781376518218626,0.25,False
Recon,0.1,0.7087044534412955,0.42857142857142855,False
Recon,0.01,0.5461538461538462,0.1111111111111111,False
Recon,0.05,0.5961538461538461,0.1111111111111111,False
Recon,0.1,0.1631578947368421,0.25,False
Recon,0.01,0.44251012145748986,0.25,False
Recon,0.05,0.5781376518218623,0.1111111111111111,False
Recon,0.1,0.4840080971659919,0.0,False
Recon,0.01,0.3898785425101215,0.25,False
Recon,0.05,0.44129554655870445,0.25,False
Recon,0.1,0.48947368421052634,0.25,False
Recon,0.01,0.3991902834008097,0.1111111111111111,False
Recon,0.05,0.33987854251012145,0.1111111111111111,False
Recon,0.1,0.5180161943319838,0.25,False
Recon,0.01,0.39475682018266567,0.42857142857142855,False
Recon,0.05,0.48886639676113364,0.1111111111111111,False
Recon,0.1,0.5394736842105263,0.25,False
Recon,0.01,0.4597165991902834,0.25,False
Recon,0.05,0.5469635627530366,0.25,False
Recon,0.1,0.358502024291498,0.25,False
Recon,0.01,0.546761133603239,0.25,False
Recon,0.05,0.46761133603238864,0.42857142857142855,False
Recon,0.1,0.4109311740890689,0.6666666666666666,False
Recon,0.01,0.6815789473684211,0.0,False
Recon,0.05,0.5378542510121458,0.1111111111111111,False
Recon,0.1,0.5449392712550608,0.0,False
Recon,0.01,0.34797570850202436,0.1111111111111111,False
Recon,0.05,0.38137651821862345,0.25,False
Recon,0.1,0.5388663967611337,0.1111111111111111,False
Recon,0.01,0.5682186234817814,0.1111111111111111,False
Recon,0.05,0.31781376518218624,0.1111111111111111,False
Recon,0.1,0.5927125506072876,0.1111111111111111,False
Recon,0.01,0.5453441295546558,0.25,False
Recon,0.05,0.5006072874493928,0.42857142857142855,False
Recon,0.1,0.33238866396761135,0.25,False
Recon,0.01,0.5378542510121458,0.0,False
Recon,0.05,0.5228744939271255,0.1111111111111111,False
Recon,0.1,0.552834008097166,0.1111111111111111,False
Recon,0.01,0.48825910931174094,0.42857142857142855,True
Recon,0.05,0.3795546558704453,0.25,False
Recon,0.1,0.588259109311741,0.1111111111111111,False
Recon,0.01,0.34817813765182193,0.25,False
Recon,0.05,0.4248987854251013,0.25,False
Recon,0.1,0.34898785425101214,0.25,False
Recon,0.01,0.5473684210526316,0.25,False
Recon,0.05,0.4354251012145749,0.25,False
Recon,0.1,0.6773279352226722,0.1111111111111111,False
Recon,0.01,0.2659041452871443,0.1111111111111111,False
Recon,0.05,0.33270914562574927,0.1111111111111111,False
Recon,0.1,0.45344129554655876,0.1111111111111111,False
Recon,0.01,0.41388734300690255,0.1111111111111111,False
Recon,0.05,0.5902834008097165,0.1111111111111111,False
Recon,0.1,0.16164785687992747,0.25,False
Recon,0.01,0.4390688259109312,0.25,False
Recon,0.05,0.3530364372469636,0.42857142857142855,False
Recon,0.1,0.18036437246963563,0.25,False
Recon,0.01,0.32572498649944054,0.1111111111111111,False
Recon,0.05,0.4123690475446615,0.1111111111111111,False
Recon,0.1,0.4105470929899723,0.1111111111111111,False
Recon,0.01,0.6064777327935222,0.25,False
Recon,0.05,0.4801619433198381,0.25,False
Recon,0.1,0.40222672064777326,0.25,False
Recon,0.01,0.4516194331983806,0.42857142857142855,False
Recon,0.05,0.3949392712550608,0.25,False
Recon,0.1,0.3010121457489879,0.25,False
Recon,0.01,0.47348178137651825,0.25,False
Recon,0.05,0.5447368421052632,0.42857142857142855,False
Recon,0.1,0.7346153846153848,0.25,False
Recon,0.01,0.3615384615384616,0.25,False
Recon,0.05,0.3536437246963563,0.42857142857142855,False
Recon,0.1,0.3473684210526316,0.25,False
Recon,0.01,0.3123481781376518,0.1111111111111111,False
Recon,0.05,0.5368421052631579,0.25,False
Recon,0.1,0.43117408906882587,0.1111111111111111,False
Recon,0.01,0.2730769230769231,0.25,False
Recon,0.05,0.31781376518218624,0.25,False
Recon,0.1,0.44757085020242915,0.25,False
Recon,0.01,0.2607287449392713,0.1111111111111111,False
Recon,0.05,0.31619433198380564,0.25,False
Recon,0.1,0.3722672064777328,0.1111111111111111,False
Spoofing,0.01,0.42591093117408907,0.42857142857142855,False
Spoofing,0.05,0.6728744939271256,0.1111111111111111,True
Spoofing,0.1,0.38299595141700404,0.1111111111111111,False
Spoofing,0.01,0.5459514170040487,0.25,False
Spoofing,0.05,0.46295546558704453,0.1111111111111111,False
Spoofing,0.1,0.4074898785425102,0.1111111111111111,False
Spoofing,0.01,0.5463562753036437,0.1111111111111111,False
Spoofing,0.05,0.2293522267206478,0.1111111111111111,False
Spoofing,0.1,0.37732793522267205,0.0,False
Spoofing,0.01,0.45121457489878547,0.25,True
Spoofing,0.05,0.16417004048582998,0.1111111111111111,False
Spoofing,0.1,0.3672064777327936,0.25,True
Spoofing,0.01,0.4765182186234818,0.25,True
Spoofing,0.05,0.6121457489878543,0.1111111111111111,False
Spoofing,0.1,0.38279352226720653,0.1111111111111111,False
Spoofing,0.01,0.35546558704453446,0.1111111111111111,False
Spoofing,0.05,0.6870445344129554,0.42857142857142855,False
Spoofing,0.1,0.49251012145748996,0.25,False
Spoofing,0.01,0.39271255060728744,0.25,True
Spoofing,0.05,0.2619433198380567,0.25,False
Spoofing,0.1,0.25870445344129556,0.25,False
Spoofing,0.01,0.43562753036437246,0.1111111111111111,True
Spoofing,0.05,0.519838056680162,0.25,True
Spoofing,0.1,0.40668016194331985,0.25,True
Spoofing,0.01,0.4524291497975709,0.1111111111111111,True
Spoofing,0.05,0.5251012145748988,0.25,False
Spoofing,0.1,0.40101214574898786,0.25,False
Spoofing,0.01,0.315587044534413,0.25,False
Spoofing,0.05,0.6257085020242915,0.1111111111111111,False
Spoofing,0.1,0.2657894736842105,0.1111111111111111,False
Spoofing,0.01,0.48259109311740894,0.1111111111111111,False
Spoofing,0.05,0.35506072874493927,0.25,True
Spoofing,0.1,0.581174089068826,0.25,False
Spoofing,0.01,0.3354251012145749,0.6666666666666666,True
Spoofing,0.05,0.611336032388664,0.42857142857142855,True
Spoofing,0.1,0.4449392712550607,0.42857142857142855,True
Spoofing,0.01,0.5117408906882591,0.1111111111111111,False
Spoofing,0.05,0.32732793522267206,0.25,True
Spoofing,0.1,0.3898785425101215,0.1111111111111111,True
Spoofing,0.01,0.6119433198380567,0.1111111111111111,False
Spoofing,0.05,0.44190283400809716,0.25,False
Spoofing,0.1,0.3991902834008097,0.25,False
Spoofing,0.01,0.49979757085020243,0.25,True
Spoofing,0.05,0.47327935222672063,0.25,True
Spoofing,0.1,0.3526315789473684,0.25,False
Spoofing,0.01,0.6159919028340082,0.42857142857142855,False
Spoofing,0.05,0.5595141700404859,0.1111111111111111,False
Spoofing,0.1,0.7384615384615386,0.25,False
Spoofing,0.01,0.3700404858299596,0.42857142857142855,True
Spoofing,0.05,0.5165991902834008,0.25,False
Spoofing,0.1,0.5046558704453442,0.6666666666666666,False
Spoofing,0.01,0.5431174089068828,0.1111111111111111,False
Spoofing,0.05,0.4,0.25,True
Spoofing,0.1,0.28259109311740893,0.1111111111111111,False
Spoofing,0.01,0.3941295546558705,0.1111111111111111,True
Spoofing,0.05,0.5178137651821862,0.25,False
Spoofing,0.1,0.49554655870445347,0.25,False
Spoofing,0.01,0.32732793522267206,0.42857142857142855,True
Spoofing,0.05,0.348582995951417,0.25,True
Spoofing,0.1,0.5346153846153847,0.25,False
Spoofing,0.01,0.33056680161943325,0.1111111111111111,True
Spoofing,0.05,0.494331983805668,0.25,True
Spoofing,0.1,0.6267206477732794,0.25,False
Spoofing,0.01,0.6803643724696357,0.42857142857142855,False
Spoofing,0.05,0.5004048582995951,0.1111111111111111,False
Spoofing,0.1,0.547165991902834,0.42857142857142855,False
Spoofing,0.01,0.7467611336032389,0.6666666666666666,False
Spoofing,0.05,0.2809716599190284,0.25,False
Spoofing,0.1,0.455668016194332,0.42857142857142855,False
Spoofing,0.01,0.16032388663967612,0.1111111111111111,True
Spoofing,0.05,0.3987854251012146,0.25,True
Spoofing,0.1,0.41032388663967617,0.25,False
Spoofing,0.01,0.4607287449392713,0.25,True
Spoofing,0.05,0.295748987854251,0.25,True
Spoofing,0.1,0.43299595141700403,0.1111111111111111,False
Spoofing,0.01,0.2862348178137652,0.0,False
Spoofing,0.05,0.4953441295546559,0.25,False
Spoofing,0.1,0.4611336032388665,0.1111111111111111,False
Spoofing,0.01,0.5977732793522267,0.25,True
Spoofing,0.05,0.5643724696356276,0.42857142857142855,False
Spoofing,0.1,0.5781376518218623,0.25,False
Spoofing,0.01,0.5917004048582997,0.42857142857142855,False
Spoofing,0.05,0.42226720647773286,0.25,False
Spoofing,0.1,0.6767206477732794,0.25,True
Spoofing,0.01,0.26862348178137657,0.25,False
Spoofing,0.05,0.18319838056680163,0.25,False
Spoofing,0.1,0.24210526315789477,0.25,False
Spoofing,0.01,0.4034412955465587,0.25,False
Spoofing,0.05,0.302834008097166,0.1111111111111111,False
Spoofing,0.1,0.48279352226720645,0.1111111111111111,False
Spoofing,0.01,0.5823886639676114,0.42857142857142855,True
Spoofing,0.05,0.43502024291497976,0.25,False
Spoofing,0.1,0.4388663967611336,0.25,False
Spoofing,0.01,0.27854251012145753,0.1111111111111111,True
Spoofing,0.05,0.4919028340080972,0.1111111111111111,False
Spoofing,0.1,0.3589068825910931,0.0,False
Spoofing,0.01,0.3589068825910931,0.25,False
Spoofing,0.05,0.3419028340080972,0.1111111111111111,False
Spoofing,0.1,0.3236842105263158,0.1111111111111111,False
Spoofing,0.01,0.5404858299595141,0.25,True
Spoofing,0.05,0.36295546558704456,0.25,False
Spoofing,0.1,0.49514170040485833,0.25,True
Spoofing,0.01,0.5572874493927126,0.1111111111111111,False
Spoofing,0.05,0.5546558704453443,0.25,True
Spoofing,0.1,0.5147773279352227,0.1111111111111111,False
Spoofing,0.01,0.3190283400809717,0.25,False
Spoofing,0.05,0.1967611336032389,0.25,False
Spoofing,0.1,0.29777327935222675,0.1111111111111111,True
Spoofing,0.01,0.5785425101214575,0.42857142857142855,False
Spoofing,0.05,0.3360323886639676,0.25,False
Spoofing,0.1,0.4767206477732794,0.25,False
Spoofing,0.01,0.5190283400809717,0.42857142857142855,True
Spoofing,0.05,0.6194331983805669,0.42857142857142855,True
Spoofing,0.1,0.4364372469635628,0.1111111111111111,True
Spoofing,0.01,0.42753036437246966,0.25,False
Spoofing,0.05,0.47408906882591095,0.25,False
Spoofing,0.1,0.544331983805668,0.1111111111111111,False
Spoofing,0.01,0.34574898785425107,0.25,False
Spoofing,0.05,0.5919028340080973,0.25,False
Spoofing,0.1,0.5109311740890689,0.25,False
Spoofing,0.01,0.5817813765182186,0.42857142857142855,True
Spoofing,0.05,0.5704453441295546,0.42857142857142855,True
Spoofing,0.1,0.37773279352226724,0.25,False
Spoofing,0.01,0.30222672064777334,0.42857142857142855,True
Spoofing,0.05,0.2819838056680162,0.1111111111111111,False
Spoofing,0.1,0.29898785425101215,0.0,False
Spoofing,0.01,0.48380566801619435,0.42857142857142855,True
Spoofing,0.05,0.3925101214574899,0.42857142857142855,True
Spoofing,0.1,0.3736842105263158,0.1111111111111111,True
Spoofing,0.01,0.48117408906882597,0.25,False
Spoofing,0.05,0.2285425101214575,0.42857142857142855,False
Spoofing,0.1,0.3317813765182186,0.1111111111111111,True
Spoofing,0.01,0.5985829959514171,0.6666666666666666,True
Spoofing,0.05,0.5263157894736843,0.42857142857142855,True
Spoofing,0.1,0.6908906882591093,0.42857142857142855,True
Spoofing,0.01,0.6232793522267207,0.42857142857142855,False
Spoofing,0.05,0.44777327935222677,0.1111111111111111,False
Spoofing,0.1,0.2862348178137652,0.1111111111111111,False
Spoofing,0.01,0.5218623481781377,0.6666666666666666,True
Spoofing,0.05,0.42813765182186236,0.25,True
Spoofing,0.1,0.4449392712550607,0.25,True
Spoofing,0.01,0.4402834008097166,0.25,True
Spoofing,0.05,0.5609311740890689,0.1111111111111111,False
Spoofing,0.1,0.5218623481781377,0.42857142857142855,False
Spoofing,0.01,0.3665991902834008,0.25,False
Spoofing,0.05,0.24291497975708504,0.25,False
Spoofing,0.1,0.3115384615384616,0.25,False
Spoofing,0.01,0.2459514170040486,0.1111111111111111,False
Spoofing,0.05,0.42651821862348177,0.25,False
Spoofing,0.1,0.6234817813765182,0.25,False
Spoofing,0.01,0.4819838056680162,0.25,False
Spoofing,0.05,0.3251012145748988,0.25,False
Spoofing,0.1,0.4246963562753037,0.1111111111111111,False
Spoofing,0.01,0.5080971659919029,0.1111111111111111,False
Spoofing,0.05,0.7530364372469637,0.25,False
Spoofing,0.1,0.48097165991902835,0.25,False
Spoofing,0.01,0.3748987854251013,0.25,False
Spoofing,0.05,0.25485829959514167,0.25,False
Spoofing,0.1,0.27186234817813765,0.1111111111111111,False
Spoofing,0.01,0.32732793522267206,0.25,True
Spoofing,0.05,0.2645748987854251,0.0,True
Spoofing,0.1,0.41578947368421054,0.25,True
Spoofing,0.01,0.6074898785425101,0.1111111111111111,False
Spoofing,0.05,0.43502024291497976,0.42857142857142855,False
Spoofing,0.1,0.5307692307692309,0.1111111111111111,False
Spoofing,0.01,0.2445344129554656,0.25,True
Spoofing,0.05,0.15263157894736845,0.25,False
Spoofing,0.1,0.43724696356275305,0.1111111111111111,False
Spoofing,0.01,0.658502024291498,0.25,False
Spoofing,0.05,0.5724696356275304,0.0,False
Spoofing,0.1,0.6716599190283401,0.25,False
Spoofing,0.01,0.42206477732793524,0.25,False
Spoofing,0.05,0.5242914979757085,0.25,False
Spoofing,0.1,0.5615384615384615,0.1111111111111111,True
Spoofing,0.01,0.5665991902834008,0.25,False
Spoofing,0.05,0.6374493927125506,0.0,False
Spoofing,0.1,0.6036437246963563,0.1111111111111111,True
Spoofing,0.01,0.5133603238866397,0.25,False
Spoofing,0.05,0.4791497975708502,0.25,True
Spoofing,0.1,0.4457489878542511,0.25,False
Web,0.01,0.6423076923076924,0.42857142857142855,True
Web,0.05,0.6534412955465587,0.25,True
Web,0.1,0.6350202429149798,0.25,False
Web,0.01,0.5441295546558704,0.6666666666666666,True
Web,0.05,0.41659919028340087,0.25,True
Web,0.1,0.719433198380567,0.42857142857142855,True
Web,0.01,0.5344129554655871,0.1111111111111111,True
Web,0.05,0.3696356275303644,0.42857142857142855,False
Web,0.1,0.5147773279352227,0.42857142857142855,True
Web,0.01,0.5694331983805669,0.25,True
Web,0.05,0.2665991902834008,0.1111111111111111,False
Web,0.1,0.6779352226720649,0.25,False
Web,0.01,0.5293522267206477,0.1111111111111111,False
Web,0.05,0.5655870445344131,0.25,False
Web,0.1,0.4593117408906883,0.25,False
Web,0.01,0.5103238866396761,0.42857142857142855,True
Web,0.05,0.558097165991903,0.42857142857142855,True
Web,0.1,0.5174089068825911,0.1111111111111111,True
Web,0.01,0.6289473684210526,0.25,True
Web,0.05,0.7374493927125507,0.42857142857142855,True
Web,0.1,0.7036437246963563,0.25,True
Web,0.01,0.6097165991902834,0.1111111111111111,True
Web,0.05,0.35728744939271256,0.0,True
Web,0.1,0.3935222672064778,0.1111111111111111,False
Web,0.01,0.3836032388663968,0.1111111111111111,False
Web,0.05,0.48684210526315785,0.25,False
Web,0.1,0.7591093117408906,0.25,False
Web,0.01,0.5702429149797571,0.42857142857142855,False
Web,0.05,0.5319838056680162,0.42857142857142855,False
Web,0.1,0.5585020242914981,0.25,False
Web,0.01,0.6026315789473684,0.25,True
Web,0.05,0.5633603238866397,0.1111111111111111,True
Web,0.1,0.4704453441295547,0.25,False
Web,0.01,0.6323886639676113,0.42857142857142855,True
Web,0.05,0.5121457489878544,0.1111111111111111,True
Web,0.1,0.5540485829959515,0.1111111111111111,True
Web,0.01,0.7052631578947368,0.42857142857142855,False
Web,0.05,0.5445344129554656,0.1111111111111111,False
Web,0.1,0.5137651821862349,0.25,True
Web,0.01,0.4759109311740891,0.25,True
Web,0.05,0.6283400809716599,0.42857142857142855,False
Web,0.1,0.4706477732793522,0.1111111111111111,False
Web,0.01,0.10323886639676114,0.25,False
Web,0.05,0.23218623481781375,0.0,False
Web,0.1,0.4637651821862348,0.42857142857142855,False
Web,0.01,0.5831983805668016,0.42857142857142855,False
Web,0.05,0.5123481781376519,0.42857142857142855,False
Web,0.1,0.5433198380566802,0.25,True
Web,0.01,0.6348178137651822,0.25,False
Web,0.05,0.7487854251012147,0.0,False
Web,0.1,0.44352226720647775,0.0,False
Web,0.01,0.4244939271255061,0.1111111111111111,False
Web,0.05,0.2582995951417004,0.1111111111111111,False
Web,0.1,0.3791497975708502,0.25,False
Web,0.01,0.4789473684210526,0.25,False
Web,0.05,0.5123481781376519,0.42857142857142855,False
Web,0.1,0.5526315789473685,0.1111111111111111,False
Web,0.01,0.5123481781376519,0.6666666666666666,False
Web,0.05,0.6222672064777328,0.1111111111111111,True
Web,0.1,0.6327935222672065,0.1111111111111111,True
Web,0.01,0.5350202429149798,0.25,True
Web,0.05,0.49817813765182184,0.25,False
Web,0.1,0.3327935222672065,0.25,False
Web,0.01,0.6417004048582997,0.42857142857142855,True
Web,0.05,0.6329959514170042,0.42857142857142855,True
Web,0.1,0.45587044534412957,0.25,True
Web,0.01,0.5779352226720648,0.42857142857142855,False
Web,0.05,0.5878542510121458,0.25,True
Web,0.1,0.6087044534412955,0.25,True
Web,0.01,0.5447368421052632,0.42857142857142855,True
Web,0.05,0.40040485829959516,0.6666666666666666,True
Web,0.1,0.5350202429149798,0.42857142857142855,False
Web,0.01,0.5109311740890689,0.6666666666666666,True
Web,0.05,0.7056680161943321,0.42857142857142855,True
Web,0.1,0.3307692307692308,0.42857142857142855,True
Web,0.01,0.5265182186234818,0.25,True
Web,0.05,0.42064777327935227,0.1111111111111111,False
Web,0.1,0.6244939271255061,0.1111111111111111,False
Web,0.01,0.665587044534413,0.25,False
Web,0.05,0.5524291497975709,0.25,False
Web,0.1,0.5615384615384615,0.25,False
Web,0.01,0.42267206477732794,0.42857142857142855,True
Web,0.05,0.3789473684210527,0.25,True
Web,0.1,0.41740890688259114,0.42857142857142855,True
Web,0.01,0.6421052631578947,0.42857142857142855,False
Web,0.05,0.5910931174089069,0.1111111111111111,False
Web,0.1,0.6275303643724698,0.25,True
Web,0.01,0.2937246963562753,0.6666666666666666,False
Web,0.05,0.5423076923076924,0.6666666666666666,True
Web,0.1,0.4850202429149798,0.25,True
Web,0.01,0.5989878542510122,0.42857142857142855,True
Web,0.05,0.4906882591093118,0.0,True
Web,0.1,0.6983805668016194,0.42857142857142855,False
Web,0.01,0.29331983805668016,0.1111111111111111,True
Web,0.05,0.40769230769230774,0.0,True
Web,0.1,0.5105263157894737,0.25,True
Web,0.01,0.25809716599190285,0.42857142857142855,False
Web,0.05,0.17125506072874497,0.25,False
Web,0.1,0.1388663967611336,0.25,False
Web,0.01,0.45323886639676114,0.25,True
Web,0.05,0.4848178137651822,0.25,False
Web,0.1,0.3591093117408907,0.25,True
Web,0.01,0.5633603238866397,0.42857142857142855,True
Web,0.05,0.5953441295546559,0.25,True
Web,0.1,0.45951417004048584,0.42857142857142855,True
Web,0.01,0.46761133603238864,0.25,False
Web,0.05,0.49838056680161946,0.1111111111111111,False
Web,0.1,0.5072874493927126,0.1111111111111111,False
Web,0.01,0.5955465587044535,0.25,False
Web,0.05,0.48805668016194337,0.1111111111111111,False
Web,0.1,0.5744939271255061,0.25,False
Web,0.01,0.4307692307692308,0.25,False
Web,0.05,0.6208502024291498,0.42857142857142855,False
Web,0.1,0.6408906882591093,0.25,True
Web,0.01,0.6943319838056681,0.25,True
Web,0.05,0.5281376518218623,0.25,False
Web,0.1,0.38603238866396766,0.1111111111111111,True
Web,0.01,0.6236842105263158,0.1111111111111111,False
Web,0.05,0.5670040485829959,0.25,False
Web,0.1,0.6323886639676113,0.1111111111111111,False
Web,0.01,0.6921052631578948,0.25,True
Web,0.05,0.5269230769230769,0.6666666666666666,False
Web,0.1,0.40769230769230774,0.1111111111111111,False
Web,0.01,0.5398785425101215,0.25,False
Web,0.05,0.4421052631578948,0.0,True
Web,0.1,0.5866396761133603,0.25,True
Web,0.01,0.74251012145749,0.42857142857142855,False
Web,0.05,0.5945344129554656,0.42857142857142855,True
Web,0.1,0.61417004048583,0.25,True
Web,0.01,0.6309716599190284,0.25,False
Web,0.05,0.46315789473684216,0.0,False
Web,0.1,0.6558704453441295,0.25,False
Web,0.01,0.5973684210526315,0.25,True
Web,0.05,0.37044534412955465,0.25,False
Web,0.1,0.5117408906882591,0.42857142857142855,True
Web,0.01,0.6052631578947368,0.25,False
Web,0.05,0.5819838056680162,0.25,True
Web,0.1,0.5676113360323887,0.42857142857142855,True
Web,0.01,0.5117408906882591,0.25,False
Web,0.05,0.5240890688259109,0.25,False
Web,0.1,0.4398785425101215,0.25,False
Web,0.01,0.5791497975708502,0.25,False
Web,0.05,0.5935222672064777,0.25,True
Web,0.1,0.5896761133603239,0.0,False
Web,0.01,0.6,0.25,False
Web,0.05,0.5323886639676113,0.42857142857142855,True
Web,0.1,0.6356275303643725,0.25,False
Web,0.01,0.4892712550607287,0.1111111111111111,False
Web,0.05,0.6301619433198381,0.1111111111111111,True
Web,0.1,0.5718623481781376,0.25,False
Web,0.01,0.5072874493927126,0.25,True
Web,0.05,0.4834008097165992,0.25,True
Web,0.1,0.5165991902834008,0.25,True
Web,0.01,0.48279352226720645,0.6666666666666666,True
Web,0.05,0.4953441295546559,0.42857142857142855,False
Web,0.1,0.5491902834008097,0.42857142857142855,True
Web,0.01,0.6410931174089068,0.42857142857142855,False
Web,0.05,0.7544534412955466,0.0,False
Web,0.1,0.701417004048583,0.1111111111111111,True
Web,0.01,0.5672064777327935,0.42857142857142855,True
Web,0.05,0.4560728744939271,0.1111111111111111,False
Web,0.1,0.6251012145748988,0.25,False
Web,0.01,0.6437246963562753,0.1111111111111111,True
Web,0.05,0.7483805668016195,0.42857142857142855,False
Web,0.1,0.5400809716599191,0.1111111111111111,False
Web,0.01,0.5491902834008097,0.25,False
Web,0.05,0.44959514170040493,0.25,False
Web,0.1,0.44777327935222677,0.0,False
Web,0.01,0.6072874493927126,0.1111111111111111,True
Web,0.05,0.5799595141700405,0.25,False
Web,0.1,0.5848178137651823,0.1111111111111111,True
Web,0.01,0.5621457489878543,0.42857142857142855,True
Web,0.05,0.6342105263157896,0.42857142857142855,True
Web,0.1,0.7609311740890689,0.6666666666666666,True
Web,0.01,0.1868421052631579,0.25,False
Web,0.05,0.39068825910931176,0.1111111111111111,False
Web,0.1,0.3878542510121458,0.1111111111111111,False
Web,0.01,0.4125506072874494,0.0,False
Web,0.05,0.42125506072874497,0.1111111111111111,False
Web,0.1,0.42246963562753037,0.1111111111111111,True
