class,feature,signed_mean,abs_mean,rank
Benign,num,0.402723,0.402723,1
Benign,https,0.172868,0.179882,2
Benign,max,0.076449,0.096357,3
Benign,psh,0.011285,0.039169,4
Benign,rate,0.007902,0.036782,5
Benign,ttl,0.017857,0.034969,6
Benign,iat,0.015448,0.029137,7
Benign,std,0.013929,0.025785,8
Benign,header_len,0.002049,0.024804,9
Benign,tot_sum,0.003993,0.022849,10
Benign,syn,0.014208,0.01813,11
Benign,avg,0.001816,0.015443,12
Benign,fin,0.01,0.014465,13
Benign,min,0.013321,0.013381,14
Benign,dns,-0.004189,0.008969,15
Benign,http,-0.003387,0.007004,16
Benign,arp,0.004531,0.006942,17
Benign,tcp,0.000931,0.006167,18
Benign,udp,0.001039,0.003962,19
Benign,ack,0.002494,0.003783,20
Benign,rst,0.002602,0.002602,21
Benign,ece,0.00099,0.001682,22
Benign,ssh,0.0016,0.00162,23
Benign,dhcp,0.000486,0.001544,24
Benign,icmp,0.000399,0.001074,25
Benign,ack_cnt,0.000404,0.000618,26
Benign,fin_cnt,0.000148,0.000148,27
Benign,proto_num,-9e-06,9e-06,28
Benign,var,0.0,0.0,29
Benign,cwr,0.0,0.0,30
Benign,syn_cnt,0.0,0.0,31
Benign,rst_cnt,0.0,0.0,32
Benign,telnet,0.0,0.0,33
Benign,irc,0.0,0.0,34
Benign,igmp,0.0,0.0,35
Benign,ipv,0.0,0.0,36
Benign,llc,0.0,0.0,37
Benign,tot_size,0.0,0.0,38
Benign,smtp,0.0,0.0,39
BruteForce,ssh,0.296567,0.329696,1
BruteForce,num,0.248173,0.248173,2
BruteForce,rate,0.048959,0.057094,3
BruteForce,iat,0.0352,0.03846,4
BruteForce,max,0.026277,0.03402,5
BruteForce,syn,0.018714,0.029846,6
BruteForce,https,0.016395,0.027303,7
BruteForce,dns,0.019674,0.026921,8
BruteForce,header_len,0.011614,0.026919,9
BruteForce,psh,0.0097,0.025875,10
BruteForce,min,0.0199,0.02521,11
BruteForce,std,0.01332,0.024428,12
BruteForce,http,0.016583,0.021942,13
BruteForce,ttl,0.006691,0.017205,14
BruteForce,rst,0.013636,0.016353,15
BruteForce,tot_sum,0.002271,0.009935,16
BruteForce,ack,0.002332,0.009447,17
BruteForce,icmp,0.001715,0.007989,18
BruteForce,avg,0.001416,0.006152,19
BruteForce,fin,0.00227,0.004375,20
BruteForce,udp,-0.001049,0.004103,21
BruteForce,arp,0.002346,0.003337,22
BruteForce,tcp,-1e-06,0.001511,23
BruteForce,ack_cnt,-0.000136,0.001231,24
BruteForce,syn_cnt,0.00073,0.000981,25
BruteForce,dhcp,0.000351,0.00084,26
BruteForce,igmp,-0.000369,0.000377,27
BruteForce,irc,0.000125,0.000125,28
BruteForce,proto_num,9e-05,0.000119,29
BruteForce,fin_cnt,1.1e-05,3.6e-05,30
BruteForce,var,0.0,0.0,31
BruteForce,ece,0.0,0.0,32
BruteForce,cwr,0.0,0.0,33
BruteForce,rst_cnt,0.0,0.0,34
BruteForce,telnet,0.0,0.0,35
BruteForce,ipv,0.0,0.0,36
BruteForce,llc,0.0,0.0,37
BruteForce,tot_size,0.0,0.0,38
BruteForce,smtp,0.0,0.0,39
DDoS,icmp,0.127908,0.197154,1
DDoS,avg,0.163114,0.169252,2
DDoS,psh,0.051057,0.102388,3
DDoS,fin,0.045276,0.09567,4
DDoS,iat,0.031591,0.062293,5
DDoS,num,0.061743,0.061743,6
DDoS,rate,0.035675,0.054586,7
DDoS,syn_cnt,0.033689,0.050161,8
DDoS,proto_num,0.037901,0.039272,9
DDoS,header_len,0.028405,0.029397,10
DDoS,syn,0.016326,0.029371,11
DDoS,tot_sum,0.023734,0.02409,12
DDoS,udp,0.002261,0.010623,13
DDoS,ttl,0.009118,0.01008,14
DDoS,max,0.002938,0.009065,15
DDoS,ack_cnt,0.005269,0.008806,16
DDoS,std,0.004952,0.008387,17
DDoS,rst,-0.000649,0.008382,18
DDoS,ack,0.004326,0.005563,19
DDoS,arp,0.002258,0.005508,20
DDoS,http,0.001438,0.004783,21
DDoS,https,-0.000342,0.004108,22
DDoS,tcp,0.002908,0.003463,23
DDoS,rst_cnt,0.002108,0.003459,24
DDoS,min,-0.000402,0.001498,25
DDoS,dns,0.000265,0.000771,26
DDoS,dhcp,-0.000108,0.000108,27
DDoS,igmp,1.2e-05,1.2e-05,28
DDoS,ssh,5e-06,5e-06,29
DDoS,var,0.0,0.0,30
DDoS,ece,0.0,0.0,31
DDoS,cwr,0.0,0.0,32
DDoS,fin_cnt,0.0,0.0,33
DDoS,telnet,0.0,0.0,34
DDoS,irc,0.0,0.0,35
DDoS,ipv,0.0,0.0,36
DDoS,llc,0.0,0.0,37
DDoS,tot_size,0.0,0.0,38
DDoS,smtp,0.0,0.0,39
DoS,num,0.238093,0.238093,1
DoS,header_len,0.193235,0.194102,2
DoS,syn,0.065161,0.072736,3
DoS,iat,0.041792,0.061958,4
DoS,avg,0.055479,0.05765,5
DoS,fin,0.053332,0.055009,6
DoS,rate,0.037835,0.048018,7
DoS,psh,0.044763,0.0448,8
DoS,ack,0.043629,0.044215,9
DoS,min,0.018118,0.036207,10
DoS,ttl,0.006032,0.023146,11
DoS,arp,0.009488,0.020336,12
DoS,https,2.5e-05,0.017321,13
DoS,udp,0.000918,0.014103,14
DoS,tot_sum,0.00987,0.012215,15
DoS,tcp,-0.003781,0.010954,16
DoS,max,0.001251,0.009875,17
DoS,std,-0.000363,0.00861,18
DoS,http,0.002067,0.007667,19
DoS,rst,-4.3e-05,0.006412,20
DoS,icmp,0.003355,0.006116,21
DoS,syn_cnt,0.002799,0.003867,22
DoS,dns,-0.001063,0.003297,23
DoS,rst_cnt,0.001505,0.002387,24
DoS,ssh,-0.000467,0.000568,25
DoS,fin_cnt,3.4e-05,0.000139,26
DoS,ack_cnt,3.2e-05,9.3e-05,27
DoS,proto_num,3.8e-05,6.7e-05,28
DoS,igmp,-4.2e-05,4.2e-05,29
DoS,var,0.0,0.0,30
DoS,ece,0.0,0.0,31
DoS,cwr,0.0,0.0,32
DoS,telnet,0.0,0.0,33
DoS,irc,0.0,0.0,34
DoS,dhcp,0.0,0.0,35
DoS,ipv,0.0,0.0,36
DoS,llc,0.0,0.0,37
DoS,tot_size,0.0,0.0,38
DoS,smtp,0.0,0.0,39
Mirai,tot_sum,0.617206,0.617206,1
Mirai,max,0.101667,0.102283,2
Mirai,proto_num,0.086762,0.086762,3
Mirai,min,0.079522,0.084656,4
Mirai,std,0.055713,0.055713,5
Mirai,avg,0.019129,0.019129,6
Mirai,ttl,-0.006355,0.007246,7
Mirai,header_len,0.004846,0.004846,8
Mirai,num,0.004436,0.00454,9
Mirai,psh,-0.003795,0.003914,10
Mirai,ack_cnt,-0.001583,0.002916,11
Mirai,rate,-0.001759,0.002666,12
Mirai,dns,-0.002663,0.002663,13
Mirai,syn,0.001892,0.002025,14
Mirai,icmp,-0.000401,0.00109,15
Mirai,ack,0.000983,0.000983,16
Mirai,tcp,0.000305,0.000305,17
Mirai,fin,0.000246,0.000299,18
Mirai,udp,0.000186,0.000251,19
Mirai,http,0.000105,0.000145,20
Mirai,https,0.0001,0.000121,21
Mirai,arp,-0.000105,0.000119,22
Mirai,rst,-7e-06,5.6e-05,23
Mirai,rst_cnt,-3.7e-05,3.7e-05,24
Mirai,iat,1.3e-05,1.4e-05,25
Mirai,irc,-1.1e-05,1.1e-05,26
Mirai,syn_cnt,2e-06,3e-06,27
Mirai,fin_cnt,-0.0,0.0,28
Mirai,ece,0.0,0.0,29
Mirai,var,0.0,0.0,30
Mirai,cwr,0.0,0.0,31
Mirai,telnet,0.0,0.0,32
Mirai,ssh,0.0,0.0,33
Mirai,dhcp,0.0,0.0,34
Mirai,igmp,0.0,0.0,35
Mirai,ipv,0.0,0.0,36
Mirai,llc,0.0,0.0,37
Mirai,tot_size,0.0,0.0,38
Mirai,smtp,0.0,0.0,39
Recon,num,0.316817,0.316817,1
Recon,tot_sum,0.169083,0.17371,2
Recon,syn,0.098752,0.115677,3
Recon,rst,0.037164,0.049366,4
Recon,std,0.011814,0.040888,5
Recon,http,0.023729,0.035953,6
Recon,https,0.024175,0.033466,7
Recon,fin,0.021393,0.032997,8
Recon,max,0.023121,0.030788,9
Recon,iat,0.024256,0.030725,10
Recon,avg,-0.013739,0.02213,11
Recon,ttl,0.001166,0.016809,12
Recon,header_len,0.006717,0.015144,13
Recon,min,0.013153,0.013745,14
Recon,tcp,-0.006314,0.01265,15
Recon,rate,0.000172,0.009872,16
Recon,ssh,0.00735,0.008773,17
Recon,ack,0.001649,0.007141,18
Recon,icmp,0.000816,0.006792,19
Recon,psh,0.001769,0.006402,20
Recon,dns,-0.001388,0.006106,21
Recon,udp,-0.002864,0.004792,22
Recon,proto_num,0.000625,0.002874,23
Recon,arp,0.000188,0.002337,24
Recon,ack_cnt,-0.001253,0.001514,25
Recon,igmp,-0.000153,0.000922,26
Recon,dhcp,0.000527,0.000643,27
Recon,cwr,0.000518,0.000518,28
Recon,ece,0.000355,0.000355,29
Recon,syn_cnt,7.7e-05,9.3e-05,30
Recon,var,0.0,0.0,31
Recon,fin_cnt,0.0,0.0,32
Recon,rst_cnt,0.0,0.0,33
Recon,telnet,0.0,0.0,34
Recon,irc,0.0,0.0,35
Recon,ipv,0.0,0.0,36
Recon,llc,0.0,0.0,37
Recon,tot_size,0.0,0.0,38
Recon,smtp,0.0,0.0,39
Spoofing,num,0.337646,0.337646,1
Spoofing,min,0.275123,0.28082,2
Spoofing,max,0.115303,0.120856,3
Spoofing,iat,0.02854,0.041307,4
Spoofing,https,-0.000744,0.038605,5
Spoofing,header_len,0.029438,0.032267,6
Spoofing,avg,0.010732,0.021064,7
Spoofing,std,-0.001533,0.015963,8
Spoofing,ttl,0.003971,0.015855,9
Spoofing,arp,-0.010431,0.015178,10
Spoofing,tot_sum,0.0086,0.01446,11
Spoofing,udp,0.010649,0.01361,12
Spoofing,ack,0.000575,0.011572,13
Spoofing,rate,0.007396,0.010514,14
Spoofing,psh,0.003179,0.007545,15
Spoofing,tcp,0.001845,0.00449,16
Spoofing,icmp,-0.001594,0.003309,17
Spoofing,ssh,0.00327,0.00327,18
Spoofing,http,0.000103,0.003025,19
Spoofing,fin,0.002745,0.00293,20
Spoofing,rst,0.000301,0.002411,21
Spoofing,syn,0.001094,0.001266,22
Spoofing,dns,-0.000647,0.001153,23
Spoofing,ack_cnt,-0.00015,0.000294,24
Spoofing,proto_num,1e-06,0.000264,25
Spoofing,dhcp,7e-06,0.000221,26
Spoofing,fin_cnt,9.8e-05,0.000108,27
Spoofing,ece,0.0,0.0,28
Spoofing,var,0.0,0.0,29
Spoofing,cwr,0.0,0.0,30
Spoofing,syn_cnt,0.0,0.0,31
Spoofing,rst_cnt,0.0,0.0,32
Spoofing,telnet,0.0,0.0,33
Spoofing,irc,0.0,0.0,34
Spoofing,igmp,0.0,0.0,35
Spoofing,ipv,0.0,0.0,36
Spoofing,llc,0.0,0.0,37
Spoofing,tot_size,0.0,0.0,38
Spoofing,smtp,0.0,0.0,39
Web,num,0.379796,0.379796,1
Web,iat,0.10347,0.109397,2
Web,max,0.046021,0.071513,3
Web,rate,0.054573,0.062041,4
Web,https,0.04292,0.049244,5
Web,http,0.033955,0.048991,6
Web,ttl,0.019161,0.034371,7
Web,std,0.021654,0.030713,8
Web,header_len,0.020274,0.027644,9
Web,tot_sum,0.017209,0.026292,10
Web,dns,0.011605,0.019929,11
Web,avg,0.014182,0.019748,12
Web,min,0.017941,0.018556,13
Web,syn,0.00771,0.012358,14
Web,psh,0.007035,0.012286,15
Web,arp,0.000683,0.012118,16
Web,udp,-0.003479,0.010911,17
Web,ssh,0.010132,0.010132,18
Web,icmp,0.005449,0.009619,19
Web,fin,-0.003227,0.008037,20
Web,tcp,0.000417,0.006772,21
Web,ack_cnt,0.00025,0.005233,22
Web,ack,0.001797,0.004924,23
Web,proto_num,0.00215,0.003486,24
Web,rst,0.003275,0.003275,25
Web,dhcp,0.000343,0.001363,26
Web,syn_cnt,0.00043,0.000738,27
Web,fin_cnt,-0.000296,0.000475,28
Web,irc,-3.8e-05,3.8e-05,29
Web,var,0.0,0.0,30
Web,ece,0.0,0.0,31
Web,cwr,0.0,0.0,32
Web,rst_cnt,0.0,0.0,33
Web,telnet,0.0,0.0,34
Web,igmp,0.0,0.0,35
Web,ipv,0.0,0.0,36
Web,llc,0.0,0.0,37
Web,tot_size,0.0,0.0,38
Web,smtp,0.0,0.0,39
